sexe;preusuel;annais;dpt;nombre
2;ALEXIE;1997;57;3
2;ALEXIE;1998;68;3
2;ALEXIE;1998;69;3
2;ALEXIE;1999;38;3
2;ALEXIE;1999;57;3
2;ALEXIE;1999;59;4
2;ALEXIE;2000;59;3
2;ALEXIE;2000;974;3
2;ALEXIE;2003;95;3
2;ALEXIE;2004;974;4
2;ALEXIE;2010;94;3
2;ALEXIE;2012;57;4
2;ALEXIE;2013;69;3
2;ALEXIE;2013;76;3
2;ALEXIE;2013;91;4
2;ALEXIE;2014;29;3
2;ALEXIE;2014;44;3
2;ALEXIE;2014;67;3
2;ALEXIE;2014;75;3
2;ALEXIE;2014;92;3
2;ALEXIE;2015;29;3
2;ALEXIE;2015;33;3
2;ALEXIE;2015;62;4
2;ALEXIE;2015;67;3
2;ALEXIE;2015;69;6
2;ALEXIE;2015;92;3
2;ALEXIE;2015;94;3
2;ALEXIE;2016;31;4
2;ALEXIE;2016;33;3
2;ALEXIE;2016;38;5
2;ALEXIE;2016;59;3
2;ALEXIE;2016;69;4
2;ALEXIE;2016;74;3
2;ALEXIE;2016;76;4
2;ALEXIE;2016;84;3
2;ALEXIE;2016;92;4
2;ALEXIE;2017;02;3
2;ALEXIE;2017;59;4
2;ALEXIE;2017;69;4
2;ALEXIE;2018;13;3
2;ALEXIE;2018;59;3
2;ALEXIE;2018;75;7
2;ALEXIE;2018;92;3
2;ALEXIE;2019;31;3
2;ALEXIE;2019;44;6
2;ALEXIE;2019;59;6
2;ALEXIE;2019;75;6
2;ALEXIE;2019;78;3
2;ALEXIE;2019;92;4
2;ALEXIE;2020;31;3
2;ALEXIE;2020;35;3
2;ALEXIE;2020;59;3
2;ALEXIE;2020;69;3
2;ALEXIE;2020;75;4
2;ALEXIE;2020;92;3
2;ALEXIE;2020;94;3
2;ALEXIE;2020;95;3
2;ALEXIE;XXXX;XX;1067
2;ALEXINA;1900;85;10
2;ALEXINA;1901;17;3
2;ALEXINA;1901;85;9
2;ALEXINA;1901;974;3
2;ALEXINA;1902;17;5
2;ALEXINA;1902;75;4
2;ALEXINA;1902;85;9
2;ALEXINA;1902;971;3
2;ALEXINA;1903;17;3
2;ALEXINA;1903;44;3
2;ALEXINA;1903;85;5
2;ALEXINA;1903;971;3
2;ALEXINA;1904;85;7
2;ALEXINA;1904;971;4
2;ALEXINA;1904;974;3
2;ALEXINA;1905;85;9
2;ALEXINA;1906;18;3
2;ALEXINA;1906;44;4
2;ALEXINA;1906;85;15
2;ALEXINA;1906;971;3
2;ALEXINA;1906;972;3
2;ALEXINA;1906;974;3
2;ALEXINA;1907;17;3
2;ALEXINA;1907;85;5
2;ALEXINA;1907;972;3
2;ALEXINA;1908;17;5
2;ALEXINA;1908;85;13
2;ALEXINA;1908;971;3
2;ALEXINA;1908;974;4
2;ALEXINA;1909;85;12
2;ALEXINA;1909;971;4
2;ALEXINA;1909;972;3
2;ALEXINA;1909;974;3
2;ALEXINA;1910;17;3
2;ALEXINA;1910;85;10
2;ALEXINA;1910;971;4
2;ALEXINA;1911;85;7
2;ALEXINA;1911;971;3
2;ALEXINA;1911;972;5
2;ALEXINA;1912;85;4
2;ALEXINA;1912;974;3
2;ALEXINA;1913;59;4
2;ALEXINA;1913;85;9
2;ALEXINA;1913;971;5
2;ALEXINA;1913;974;4
2;ALEXINA;1914;85;4
2;ALEXINA;1915;85;5
2;ALEXINA;1915;974;5
2;ALEXINA;1917;971;3
2;ALEXINA;1918;85;7
2;ALEXINA;1920;85;5
2;ALEXINA;1921;85;3
2;ALEXINA;1921;971;7
2;ALEXINA;1922;85;5
2;ALEXINA;1922;971;4
2;ALEXINA;1923;85;3
2;ALEXINA;1924;85;4
2;ALEXINA;1925;971;4
2;ALEXINA;1925;972;3
2;ALEXINA;1926;85;3
2;ALEXINA;1926;971;7
2;ALEXINA;1926;974;4
2;ALEXINA;1927;974;4
2;ALEXINA;1928;971;3
2;ALEXINA;1928;974;3
2;ALEXINA;1929;974;3
2;ALEXINA;1930;85;3
2;ALEXINA;1931;971;3
2;ALEXINA;1931;972;3
2;ALEXINA;1931;974;6
2;ALEXINA;1933;971;4
2;ALEXINA;1934;971;3
2;ALEXINA;1935;971;7
2;ALEXINA;1935;974;5
2;ALEXINA;1937;971;4
2;ALEXINA;1937;974;5
2;ALEXINA;1938;974;4
2;ALEXINA;1939;971;5
2;ALEXINA;1941;974;3
2;ALEXINA;1942;971;3
2;ALEXINA;1943;971;4
2;ALEXINA;1943;974;3
2;ALEXINA;1944;971;3
2;ALEXINA;1945;971;4
2;ALEXINA;1945;974;6
2;ALEXINA;1946;971;4
2;ALEXINA;1948;971;3
2;ALEXINA;1951;971;4
2;ALEXINA;1952;971;4
2;ALEXINA;1952;974;3
2;ALEXINA;1957;971;3
2;ALEXINA;1958;971;3
2;ALEXINA;1959;971;4
2;ALEXINA;1962;971;3
2;ALEXINA;1963;971;3
2;ALEXINA;1965;971;3
2;ALEXINA;1966;971;3
2;ALEXINA;1968;971;3
2;ALEXINA;2003;85;5
2;ALEXINA;2012;44;3
2;ALEXINA;XXXX;XX;765
2;ALEXINE;1900;09;4
2;ALEXINE;1900;66;3
2;ALEXINE;1901;66;3
2;ALEXINE;1902;11;3
2;ALEXINE;1902;64;3
2;ALEXINE;1902;65;3
2;ALEXINE;1903;29;3
2;ALEXINE;1903;32;3
2;ALEXINE;1904;09;4
2;ALEXINE;1904;40;3
2;ALEXINE;1904;66;3
2;ALEXINE;1905;09;3
2;ALEXINE;1905;11;3
2;ALEXINE;1905;32;4
2;ALEXINE;1907;64;6
2;ALEXINE;1908;09;3
2;ALEXINE;1908;11;6
2;ALEXINE;1908;31;6
2;ALEXINE;1908;40;3
2;ALEXINE;1908;66;3
2;ALEXINE;1908;974;3
2;ALEXINE;1909;09;3
2;ALEXINE;1909;29;3
2;ALEXINE;1909;64;4
2;ALEXINE;1909;65;4
2;ALEXINE;1909;66;3
2;ALEXINE;1910;29;4
2;ALEXINE;1910;31;3
2;ALEXINE;1910;32;5
2;ALEXINE;1910;66;3
2;ALEXINE;1911;09;3
2;ALEXINE;1911;11;3
2;ALEXINE;1911;56;5
2;ALEXINE;1911;66;3
2;ALEXINE;1912;09;3
2;ALEXINE;1912;29;3
2;ALEXINE;1912;40;5
2;ALEXINE;1912;56;3
2;ALEXINE;1912;65;3
2;ALEXINE;1913;29;3
2;ALEXINE;1913;56;5
2;ALEXINE;1914;22;4
2;ALEXINE;1914;29;7
2;ALEXINE;1914;32;3
2;ALEXINE;1914;56;4
2;ALEXINE;1914;64;3
2;ALEXINE;1915;09;3
2;ALEXINE;1915;29;3
2;ALEXINE;1915;56;3
2;ALEXINE;1917;56;3
2;ALEXINE;1918;971;3
2;ALEXINE;1920;11;3
2;ALEXINE;1920;29;5
2;ALEXINE;1920;56;3
2;ALEXINE;1921;29;4
2;ALEXINE;1921;64;5
2;ALEXINE;1921;971;3
2;ALEXINE;1922;56;3
2;ALEXINE;1923;29;4
2;ALEXINE;1923;65;3
2;ALEXINE;1924;56;3
2;ALEXINE;1924;64;3
2;ALEXINE;1925;56;4
2;ALEXINE;1926;64;3
2;ALEXINE;1927;11;3
2;ALEXINE;1927;29;5
2;ALEXINE;1927;56;5
2;ALEXINE;1929;29;3
2;ALEXINE;1929;56;5
2;ALEXINE;1929;64;3
2;ALEXINE;1930;29;4
2;ALEXINE;1932;29;6
2;ALEXINE;1932;971;3
2;ALEXINE;1933;22;6
2;ALEXINE;1934;974;3
2;ALEXINE;1939;971;3
2;ALEXINE;1940;974;3
2;ALEXINE;1988;74;3
2;ALEXINE;1989;78;3
2;ALEXINE;1991;51;3
2;ALEXINE;1996;51;3
2;ALEXINE;1997;60;3
2;ALEXINE;1998;02;3
2;ALEXINE;1998;44;3
2;ALEXINE;1998;59;4
2;ALEXINE;1999;51;5
2;ALEXINE;1999;92;3
2;ALEXINE;2000;33;3
2;ALEXINE;2000;59;5
2;ALEXINE;2000;63;3
2;ALEXINE;2000;69;4
2;ALEXINE;2001;35;3
2;ALEXINE;2001;59;5
2;ALEXINE;2001;62;3
2;ALEXINE;2002;59;4
2;ALEXINE;2003;59;3
2;ALEXINE;2004;59;4
2;ALEXINE;2004;62;3
2;ALEXINE;2004;69;4
2;ALEXINE;2004;92;3
2;ALEXINE;2005;59;3
2;ALEXINE;2008;42;3
2;ALEXINE;2011;62;3
2;ALEXINE;2011;69;3
2;ALEXINE;2012;92;3
2;ALEXINE;2016;69;3
2;ALEXINE;2018;62;3
2;ALEXINE;2019;59;3
2;ALEXINE;XXXX;XX;1377
2;ALEXIS;1919;971;3
2;ALEXIS;1923;971;3
2;ALEXIS;1932;972;3
2;ALEXIS;1936;972;4
2;ALEXIS;1944;971;3
2;ALEXIS;1947;972;3
2;ALEXIS;1948;972;3
2;ALEXIS;1949;972;5
2;ALEXIS;1954;972;3
2;ALEXIS;1955;972;3
2;ALEXIS;1956;972;3
2;ALEXIS;1985;69;3
2;ALEXIS;1990;59;3
2;ALEXIS;2017;75;3
2;ALEXIS;2019;59;3
2;ALEXIS;XXXX;XX;342
2;ALEXY;2014;94;3
2;ALEXY;XXXX;XX;77
2;ALEXYA;XXXX;XX;283
2;ALEXYANE;XXXX;XX;42
2;ALEXYNE;XXXX;XX;23
2;ALEYA;2020;13;4
2;ALEYA;XXXX;XX;52
2;ALEYAH;XXXX;XX;45
2;ALEYNA;1997;68;3
2;ALEYNA;1998;42;3
2;ALEYNA;1998;67;4
2;ALEYNA;1998;95;3
2;ALEYNA;1999;57;3
2;ALEYNA;1999;67;7
2;ALEYNA;1999;69;4
2;ALEYNA;1999;74;4
2;ALEYNA;1999;90;4
2;ALEYNA;1999;95;3
2;ALEYNA;2000;01;3
2;ALEYNA;2000;25;3
2;ALEYNA;2000;26;3
2;ALEYNA;2000;51;3
2;ALEYNA;2000;57;4
2;ALEYNA;2000;59;5
2;ALEYNA;2000;67;8
2;ALEYNA;2000;68;5
2;ALEYNA;2000;69;6
2;ALEYNA;2000;74;4
2;ALEYNA;2000;76;3
2;ALEYNA;2000;88;3
2;ALEYNA;2001;25;4
2;ALEYNA;2001;38;5
2;ALEYNA;2001;42;7
2;ALEYNA;2001;45;3
2;ALEYNA;2001;49;3
2;ALEYNA;2001;57;5
2;ALEYNA;2001;60;4
2;ALEYNA;2001;61;3
2;ALEYNA;2001;63;3
2;ALEYNA;2001;67;8
2;ALEYNA;2001;69;8
2;ALEYNA;2001;74;3
2;ALEYNA;2001;78;3
2;ALEYNA;2001;88;3
2;ALEYNA;2001;93;5
2;ALEYNA;2001;94;3
2;ALEYNA;2001;95;4
2;ALEYNA;2002;01;3
2;ALEYNA;2002;02;3
2;ALEYNA;2002;38;6
2;ALEYNA;2002;41;3
2;ALEYNA;2002;42;4
2;ALEYNA;2002;45;3
2;ALEYNA;2002;56;3
2;ALEYNA;2002;57;4
2;ALEYNA;2002;61;3
2;ALEYNA;2002;63;3
2;ALEYNA;2002;67;8
2;ALEYNA;2002;68;7
2;ALEYNA;2002;69;6
2;ALEYNA;2002;74;7
2;ALEYNA;2002;91;3
2;ALEYNA;2002;93;3
2;ALEYNA;2002;95;4
2;ALEYNA;2003;01;4
2;ALEYNA;2003;25;5
2;ALEYNA;2003;33;5
2;ALEYNA;2003;34;4
2;ALEYNA;2003;38;4
2;ALEYNA;2003;39;5
2;ALEYNA;2003;41;5
2;ALEYNA;2003;42;7
2;ALEYNA;2003;45;4
2;ALEYNA;2003;49;3
2;ALEYNA;2003;54;4
2;ALEYNA;2003;57;7
2;ALEYNA;2003;63;3
2;ALEYNA;2003;67;12
2;ALEYNA;2003;68;12
2;ALEYNA;2003;69;5
2;ALEYNA;2003;72;3
2;ALEYNA;2003;74;7
2;ALEYNA;2003;76;3
2;ALEYNA;2003;78;7
2;ALEYNA;2003;91;3
2;ALEYNA;2003;93;7
2;ALEYNA;2003;95;7
2;ALEYNA;2004;01;4
2;ALEYNA;2004;25;6
2;ALEYNA;2004;27;3
2;ALEYNA;2004;38;4
2;ALEYNA;2004;42;13
2;ALEYNA;2004;54;5
2;ALEYNA;2004;57;4
2;ALEYNA;2004;59;3
2;ALEYNA;2004;63;4
2;ALEYNA;2004;67;13
2;ALEYNA;2004;68;6
2;ALEYNA;2004;69;8
2;ALEYNA;2004;77;5
2;ALEYNA;2004;78;3
2;ALEYNA;2004;91;3
2;ALEYNA;2004;93;5
2;ALEYNA;2004;95;9
2;ALEYNA;2005;13;3
2;ALEYNA;2005;34;5
2;ALEYNA;2005;38;3
2;ALEYNA;2005;42;7
2;ALEYNA;2005;44;3
2;ALEYNA;2005;45;5
2;ALEYNA;2005;57;6
2;ALEYNA;2005;59;3
2;ALEYNA;2005;63;3
2;ALEYNA;2005;67;7
2;ALEYNA;2005;68;7
2;ALEYNA;2005;69;5
2;ALEYNA;2005;74;4
2;ALEYNA;2005;75;3
2;ALEYNA;2005;78;5
2;ALEYNA;2005;91;3
2;ALEYNA;2005;93;13
2;ALEYNA;2005;94;5
2;ALEYNA;2005;95;8
2;ALEYNA;2006;19;3
2;ALEYNA;2006;25;3
2;ALEYNA;2006;34;4
2;ALEYNA;2006;38;4
2;ALEYNA;2006;42;6
2;ALEYNA;2006;44;4
2;ALEYNA;2006;45;3
2;ALEYNA;2006;57;5
2;ALEYNA;2006;59;4
2;ALEYNA;2006;60;3
2;ALEYNA;2006;63;5
2;ALEYNA;2006;67;14
2;ALEYNA;2006;68;10
2;ALEYNA;2006;69;10
2;ALEYNA;2006;74;3
2;ALEYNA;2006;77;5
2;ALEYNA;2006;94;3
2;ALEYNA;2006;95;6
2;ALEYNA;2007;25;5
2;ALEYNA;2007;38;5
2;ALEYNA;2007;42;4
2;ALEYNA;2007;44;3
2;ALEYNA;2007;57;4
2;ALEYNA;2007;59;6
2;ALEYNA;2007;67;10
2;ALEYNA;2007;68;5
2;ALEYNA;2007;69;6
2;ALEYNA;2007;73;3
2;ALEYNA;2007;74;4
2;ALEYNA;2007;78;4
2;ALEYNA;2007;91;3
2;ALEYNA;2007;93;8
2;ALEYNA;2007;94;3
2;ALEYNA;2007;95;4
2;ALEYNA;2008;01;4
2;ALEYNA;2008;13;4
2;ALEYNA;2008;33;5
2;ALEYNA;2008;38;5
2;ALEYNA;2008;45;5
2;ALEYNA;2008;57;7
2;ALEYNA;2008;67;7
2;ALEYNA;2008;68;3
2;ALEYNA;2008;69;8
2;ALEYNA;2008;71;3
2;ALEYNA;2008;74;4
2;ALEYNA;2008;76;4
2;ALEYNA;2008;78;3
2;ALEYNA;2008;90;3
2;ALEYNA;2008;91;3
2;ALEYNA;2008;93;5
2;ALEYNA;2008;94;3
2;ALEYNA;2009;25;4
2;ALEYNA;2009;31;3
2;ALEYNA;2009;34;3
2;ALEYNA;2009;38;3
2;ALEYNA;2009;57;3
2;ALEYNA;2009;58;3
2;ALEYNA;2009;59;5
2;ALEYNA;2009;60;3
2;ALEYNA;2009;67;5
2;ALEYNA;2009;68;3
2;ALEYNA;2009;69;6
2;ALEYNA;2009;74;4
2;ALEYNA;2009;75;3
2;ALEYNA;2009;76;4
2;ALEYNA;2009;77;5
2;ALEYNA;2009;78;3
2;ALEYNA;2009;93;4
2;ALEYNA;2009;94;3
2;ALEYNA;2009;95;8
2;ALEYNA;2010;07;3
2;ALEYNA;2010;13;3
2;ALEYNA;2010;33;3
2;ALEYNA;2010;37;4
2;ALEYNA;2010;51;3
2;ALEYNA;2010;54;5
2;ALEYNA;2010;59;5
2;ALEYNA;2010;60;3
2;ALEYNA;2010;67;5
2;ALEYNA;2010;68;9
2;ALEYNA;2010;69;5
2;ALEYNA;2010;75;3
2;ALEYNA;2010;76;4
2;ALEYNA;2010;83;3
2;ALEYNA;2010;91;3
2;ALEYNA;2010;93;6
2;ALEYNA;2010;95;7
2;ALEYNA;2011;26;4
2;ALEYNA;2011;33;3
2;ALEYNA;2011;35;6
2;ALEYNA;2011;38;5
2;ALEYNA;2011;42;3
2;ALEYNA;2011;44;3
2;ALEYNA;2011;49;4
2;ALEYNA;2011;57;3
2;ALEYNA;2011;62;6
2;ALEYNA;2011;67;8
2;ALEYNA;2011;68;7
2;ALEYNA;2011;69;6
2;ALEYNA;2011;75;3
2;ALEYNA;2011;76;3
2;ALEYNA;2011;77;3
2;ALEYNA;2011;94;4
2;ALEYNA;2012;13;4
2;ALEYNA;2012;25;3
2;ALEYNA;2012;42;3
2;ALEYNA;2012;45;3
2;ALEYNA;2012;57;4
2;ALEYNA;2012;59;7
2;ALEYNA;2012;67;10
2;ALEYNA;2012;69;5
2;ALEYNA;2012;71;3
2;ALEYNA;2012;72;3
2;ALEYNA;2012;75;3
2;ALEYNA;2012;92;3
2;ALEYNA;2012;93;5
2;ALEYNA;2012;94;3
2;ALEYNA;2012;95;6
2;ALEYNA;2013;44;3
2;ALEYNA;2013;54;3
2;ALEYNA;2013;57;3
2;ALEYNA;2013;71;3
2;ALEYNA;2013;93;3
2;ALEYNA;2013;94;3
2;ALEYNA;2013;95;3
2;ALEYNA;2014;38;3
2;ALEYNA;2014;57;4
2;ALEYNA;2014;59;4
2;ALEYNA;2014;67;5
2;ALEYNA;2014;69;5
2;ALEYNA;2014;74;4
2;ALEYNA;2014;77;3
2;ALEYNA;2014;91;3
2;ALEYNA;2014;94;3
2;ALEYNA;2014;95;3
2;ALEYNA;2015;25;4
2;ALEYNA;2015;38;3
2;ALEYNA;2015;54;5
2;ALEYNA;2015;62;3
2;ALEYNA;2015;68;3
2;ALEYNA;2015;83;3
2;ALEYNA;2015;93;3
2;ALEYNA;2015;95;4
2;ALEYNA;2016;13;5
2;ALEYNA;2016;34;3
2;ALEYNA;2016;44;3
2;ALEYNA;2016;57;4
2;ALEYNA;2016;59;3
2;ALEYNA;2016;67;6
2;ALEYNA;2016;68;4
2;ALEYNA;2016;69;3
2;ALEYNA;2016;74;3
2;ALEYNA;2016;75;3
2;ALEYNA;2016;93;4
2;ALEYNA;2016;95;4
2;ALEYNA;2017;13;4
2;ALEYNA;2017;38;3
2;ALEYNA;2017;42;4
2;ALEYNA;2017;56;3
2;ALEYNA;2017;59;4
2;ALEYNA;2017;67;5
2;ALEYNA;2017;75;3
2;ALEYNA;2017;78;4
2;ALEYNA;2017;90;3
2;ALEYNA;2017;93;5
2;ALEYNA;2017;95;3
2;ALEYNA;2018;13;4
2;ALEYNA;2018;17;3
2;ALEYNA;2018;33;3
2;ALEYNA;2018;38;6
2;ALEYNA;2018;42;5
2;ALEYNA;2018;44;5
2;ALEYNA;2018;57;4
2;ALEYNA;2018;59;4
2;ALEYNA;2018;69;6
2;ALEYNA;2018;74;3
2;ALEYNA;2018;75;3
2;ALEYNA;2018;90;3
2;ALEYNA;2018;93;4
2;ALEYNA;2018;94;5
2;ALEYNA;2019;33;4
2;ALEYNA;2019;41;3
2;ALEYNA;2019;42;3
2;ALEYNA;2019;57;6
2;ALEYNA;2019;59;5
2;ALEYNA;2019;67;3
2;ALEYNA;2019;68;6
2;ALEYNA;2019;69;7
2;ALEYNA;2019;74;6
2;ALEYNA;2019;78;3
2;ALEYNA;2019;91;4
2;ALEYNA;2019;93;3
2;ALEYNA;2019;95;4
2;ALEYNA;2020;07;3
2;ALEYNA;2020;13;4
2;ALEYNA;2020;34;4
2;ALEYNA;2020;38;4
2;ALEYNA;2020;42;8
2;ALEYNA;2020;59;7
2;ALEYNA;2020;60;3
2;ALEYNA;2020;67;6
2;ALEYNA;2020;68;5
2;ALEYNA;2020;69;5
2;ALEYNA;2020;77;5
2;ALEYNA;2020;78;3
2;ALEYNA;2020;84;3
2;ALEYNA;2020;92;4
2;ALEYNA;2020;93;6
2;ALEYNA;2020;94;5
2;ALEYNA;2020;95;8
2;ALEYNA;XXXX;XX;1039
2;ALEYNA-NUR;XXXX;XX;25
2;ALEZIA;XXXX;XX;45
2;ALÉZIA;XXXX;XX;38
2;ALFIYA;XXXX;XX;26
2;ALFONSINA;XXXX;XX;20
2;ALFRED;1939;971;3
2;ALFRED;1943;972;3
2;ALFRED;XXXX;XX;21
2;ALFREDA;1900;59;19
2;ALFREDA;1900;62;10
2;ALFREDA;1900;80;6
2;ALFREDA;1901;02;5
2;ALFREDA;1901;59;24
2;ALFREDA;1901;62;17
2;ALFREDA;1901;76;4
2;ALFREDA;1901;80;9
2;ALFREDA;1902;02;3
2;ALFREDA;1902;59;25
2;ALFREDA;1902;60;4
2;ALFREDA;1902;62;16
2;ALFREDA;1902;76;6
2;ALFREDA;1902;80;12
2;ALFREDA;1903;02;3
2;ALFREDA;1903;59;21
2;ALFREDA;1903;62;21
2;ALFREDA;1903;76;3
2;ALFREDA;1903;80;8
2;ALFREDA;1904;59;17
2;ALFREDA;1904;62;29
2;ALFREDA;1904;75;3
2;ALFREDA;1904;76;3
2;ALFREDA;1904;80;9
2;ALFREDA;1904;974;3
2;ALFREDA;1905;02;5
2;ALFREDA;1905;59;30
2;ALFREDA;1905;60;4
2;ALFREDA;1905;62;21
2;ALFREDA;1905;76;5
2;ALFREDA;1905;80;11
2;ALFREDA;1905;974;3
2;ALFREDA;1906;02;3
2;ALFREDA;1906;59;31
2;ALFREDA;1906;60;8
2;ALFREDA;1906;62;32
2;ALFREDA;1906;76;3
2;ALFREDA;1906;80;12
2;ALFREDA;1907;02;4
2;ALFREDA;1907;59;44
2;ALFREDA;1907;60;6
2;ALFREDA;1907;62;48
2;ALFREDA;1907;75;4
2;ALFREDA;1907;76;7
2;ALFREDA;1907;80;12
2;ALFREDA;1908;02;6
2;ALFREDA;1908;59;29
2;ALFREDA;1908;60;4
2;ALFREDA;1908;62;35
2;ALFREDA;1908;76;4
2;ALFREDA;1908;80;8
2;ALFREDA;1909;02;8
2;ALFREDA;1909;59;42
2;ALFREDA;1909;62;33
2;ALFREDA;1909;80;6
2;ALFREDA;1910;02;4
2;ALFREDA;1910;59;48
2;ALFREDA;1910;60;7
2;ALFREDA;1910;62;30
2;ALFREDA;1910;76;3
2;ALFREDA;1910;78;3
2;ALFREDA;1910;80;11
2;ALFREDA;1911;02;7
2;ALFREDA;1911;59;44
2;ALFREDA;1911;60;3
2;ALFREDA;1911;62;42
2;ALFREDA;1911;76;5
2;ALFREDA;1911;80;3
2;ALFREDA;1912;02;9
2;ALFREDA;1912;59;41
2;ALFREDA;1912;60;5
2;ALFREDA;1912;62;39
2;ALFREDA;1912;75;8
2;ALFREDA;1912;76;6
2;ALFREDA;1912;78;4
2;ALFREDA;1912;80;11
2;ALFREDA;1913;02;6
2;ALFREDA;1913;08;4
2;ALFREDA;1913;59;64
2;ALFREDA;1913;60;6
2;ALFREDA;1913;62;69
2;ALFREDA;1913;75;4
2;ALFREDA;1913;76;5
2;ALFREDA;1913;80;12
2;ALFREDA;1914;02;5
2;ALFREDA;1914;59;73
2;ALFREDA;1914;60;8
2;ALFREDA;1914;62;45
2;ALFREDA;1914;75;9
2;ALFREDA;1914;76;4
2;ALFREDA;1914;80;11
2;ALFREDA;1915;02;6
2;ALFREDA;1915;33;3
2;ALFREDA;1915;59;54
2;ALFREDA;1915;62;37
2;ALFREDA;1915;75;3
2;ALFREDA;1915;76;3
2;ALFREDA;1915;80;8
2;ALFREDA;1916;02;4
2;ALFREDA;1916;59;12
2;ALFREDA;1916;62;21
2;ALFREDA;1916;75;5
2;ALFREDA;1916;76;3
2;ALFREDA;1916;80;4
2;ALFREDA;1917;45;3
2;ALFREDA;1917;59;20
2;ALFREDA;1917;62;30
2;ALFREDA;1917;75;5
2;ALFREDA;1917;76;5
2;ALFREDA;1917;80;3
2;ALFREDA;1918;02;3
2;ALFREDA;1918;59;20
2;ALFREDA;1918;62;41
2;ALFREDA;1918;75;5
2;ALFREDA;1918;76;5
2;ALFREDA;1918;80;4
2;ALFREDA;1919;59;46
2;ALFREDA;1919;62;40
2;ALFREDA;1919;75;5
2;ALFREDA;1919;80;4
2;ALFREDA;1919;974;3
2;ALFREDA;1920;02;9
2;ALFREDA;1920;59;79
2;ALFREDA;1920;60;6
2;ALFREDA;1920;62;89
2;ALFREDA;1920;75;14
2;ALFREDA;1920;76;3
2;ALFREDA;1920;80;11
2;ALFREDA;1921;02;10
2;ALFREDA;1921;59;109
2;ALFREDA;1921;62;67
2;ALFREDA;1921;75;3
2;ALFREDA;1921;76;5
2;ALFREDA;1921;80;4
2;ALFREDA;1922;02;5
2;ALFREDA;1922;59;86
2;ALFREDA;1922;62;55
2;ALFREDA;1922;75;3
2;ALFREDA;1922;80;3
2;ALFREDA;1923;02;13
2;ALFREDA;1923;59;68
2;ALFREDA;1923;60;3
2;ALFREDA;1923;62;75
2;ALFREDA;1923;78;3
2;ALFREDA;1923;80;3
2;ALFREDA;1924;02;10
2;ALFREDA;1924;08;3
2;ALFREDA;1924;59;64
2;ALFREDA;1924;62;56
2;ALFREDA;1924;80;5
2;ALFREDA;1925;02;4
2;ALFREDA;1925;59;66
2;ALFREDA;1925;62;59
2;ALFREDA;1925;80;3
2;ALFREDA;1926;02;6
2;ALFREDA;1926;59;62
2;ALFREDA;1926;60;5
2;ALFREDA;1926;62;51
2;ALFREDA;1926;75;4
2;ALFREDA;1926;76;3
2;ALFREDA;1926;80;4
2;ALFREDA;1926;81;3
2;ALFREDA;1927;02;8
2;ALFREDA;1927;59;68
2;ALFREDA;1927;62;48
2;ALFREDA;1927;71;3
2;ALFREDA;1927;75;3
2;ALFREDA;1927;81;3
2;ALFREDA;1927;974;3
2;ALFREDA;1928;02;3
2;ALFREDA;1928;14;3
2;ALFREDA;1928;59;54
2;ALFREDA;1928;62;60
2;ALFREDA;1928;75;3
2;ALFREDA;1928;80;3
2;ALFREDA;1929;02;6
2;ALFREDA;1929;54;3
2;ALFREDA;1929;59;55
2;ALFREDA;1929;62;61
2;ALFREDA;1929;68;3
2;ALFREDA;1930;02;3
2;ALFREDA;1930;54;5
2;ALFREDA;1930;57;3
2;ALFREDA;1930;59;70
2;ALFREDA;1930;62;46
2;ALFREDA;1930;75;5
2;ALFREDA;1930;78;4
2;ALFREDA;1931;02;3
2;ALFREDA;1931;54;3
2;ALFREDA;1931;59;59
2;ALFREDA;1931;60;4
2;ALFREDA;1931;62;47
2;ALFREDA;1931;75;5
2;ALFREDA;1931;80;3
2;ALFREDA;1932;02;3
2;ALFREDA;1932;54;5
2;ALFREDA;1932;59;49
2;ALFREDA;1932;60;3
2;ALFREDA;1932;62;44
2;ALFREDA;1932;75;3
2;ALFREDA;1932;81;3
2;ALFREDA;1933;02;8
2;ALFREDA;1933;59;44
2;ALFREDA;1933;62;49
2;ALFREDA;1933;80;4
2;ALFREDA;1934;02;4
2;ALFREDA;1934;59;52
2;ALFREDA;1934;60;3
2;ALFREDA;1934;62;41
2;ALFREDA;1934;974;3
2;ALFREDA;1935;59;41
2;ALFREDA;1935;62;39
2;ALFREDA;1936;59;28
2;ALFREDA;1936;60;3
2;ALFREDA;1936;62;27
2;ALFREDA;1937;02;5
2;ALFREDA;1937;59;30
2;ALFREDA;1937;62;27
2;ALFREDA;1937;974;3
2;ALFREDA;1938;57;3
2;ALFREDA;1938;59;24
2;ALFREDA;1938;62;29
2;ALFREDA;1939;59;20
2;ALFREDA;1939;62;27
2;ALFREDA;1940;59;17
2;ALFREDA;1940;62;28
2;ALFREDA;1941;59;13
2;ALFREDA;1941;62;13
2;ALFREDA;1942;59;14
2;ALFREDA;1942;62;9
2;ALFREDA;1942;80;3
2;ALFREDA;1943;59;6
2;ALFREDA;1943;62;9
2;ALFREDA;1944;59;8
2;ALFREDA;1944;62;9
2;ALFREDA;1945;59;5
2;ALFREDA;1945;62;12
2;ALFREDA;1946;59;16
2;ALFREDA;1946;62;24
2;ALFREDA;1947;59;12
2;ALFREDA;1947;62;18
2;ALFREDA;1948;59;11
2;ALFREDA;1948;62;15
2;ALFREDA;1949;59;9
2;ALFREDA;1949;62;11
2;ALFREDA;1949;974;3
2;ALFREDA;1950;59;12
2;ALFREDA;1950;62;8
2;ALFREDA;1951;59;7
2;ALFREDA;1951;62;6
2;ALFREDA;1952;59;4
2;ALFREDA;1952;62;4
2;ALFREDA;1953;59;4
2;ALFREDA;1953;62;6
2;ALFREDA;1954;59;6
2;ALFREDA;1954;974;3
2;ALFREDA;1955;62;4
2;ALFREDA;1956;59;5
2;ALFREDA;1956;62;5
2;ALFREDA;1957;59;6
2;ALFREDA;1958;59;3
2;ALFREDA;1958;62;3
2;ALFREDA;1958;974;3
2;ALFREDA;1960;62;4
2;ALFREDA;1961;59;4
2;ALFREDA;1962;59;5
2;ALFREDA;1964;974;3
2;ALFREDA;XXXX;XX;789
2;ALFRÉDA;1920;59;3
2;ALFRÉDA;1925;59;3
2;ALFRÉDA;1927;62;3
2;ALFRÉDA;XXXX;XX;35
2;ALFREDE;1902;75;3
2;ALFREDE;XXXX;XX;177
2;ALFREDINE;1900;60;3
2;ALFREDINE;1900;75;3
2;ALFREDINE;1900;76;8
2;ALFREDINE;1900;80;6
2;ALFREDINE;1901;02;4
2;ALFREDINE;1901;27;4
2;ALFREDINE;1901;60;13
2;ALFREDINE;1901;62;3
2;ALFREDINE;1901;76;8
2;ALFREDINE;1901;80;9
2;ALFREDINE;1902;27;3
2;ALFREDINE;1902;60;8
2;ALFREDINE;1902;62;3
2;ALFREDINE;1902;76;6
2;ALFREDINE;1902;80;13
2;ALFREDINE;1903;60;3
2;ALFREDINE;1903;76;4
2;ALFREDINE;1903;80;5
2;ALFREDINE;1904;02;3
2;ALFREDINE;1904;14;3
2;ALFREDINE;1904;27;3
2;ALFREDINE;1904;60;7
2;ALFREDINE;1904;76;3
2;ALFREDINE;1904;78;3
2;ALFREDINE;1904;80;6
2;ALFREDINE;1905;60;11
2;ALFREDINE;1905;76;4
2;ALFREDINE;1905;80;9
2;ALFREDINE;1906;60;6
2;ALFREDINE;1906;76;5
2;ALFREDINE;1906;80;5
2;ALFREDINE;1907;02;3
2;ALFREDINE;1907;60;7
2;ALFREDINE;1907;75;4
2;ALFREDINE;1907;76;6
2;ALFREDINE;1907;80;9
2;ALFREDINE;1908;02;5
2;ALFREDINE;1908;14;3
2;ALFREDINE;1908;60;3
2;ALFREDINE;1908;76;4
2;ALFREDINE;1908;80;4
2;ALFREDINE;1909;02;5
2;ALFREDINE;1909;60;6
2;ALFREDINE;1909;76;7
2;ALFREDINE;1909;80;6
2;ALFREDINE;1910;02;3
2;ALFREDINE;1910;60;5
2;ALFREDINE;1910;76;4
2;ALFREDINE;1910;80;7
2;ALFREDINE;1911;02;3
2;ALFREDINE;1911;14;3
2;ALFREDINE;1911;60;3
2;ALFREDINE;1911;76;14
2;ALFREDINE;1911;80;6
2;ALFREDINE;1912;02;4
2;ALFREDINE;1912;27;4
2;ALFREDINE;1912;60;6
2;ALFREDINE;1912;76;5
2;ALFREDINE;1912;80;6
2;ALFREDINE;1913;02;3
2;ALFREDINE;1913;60;6
2;ALFREDINE;1913;76;3
2;ALFREDINE;1914;60;3
2;ALFREDINE;1914;76;6
2;ALFREDINE;1914;80;3
2;ALFREDINE;1915;76;6
2;ALFREDINE;1915;80;6
2;ALFREDINE;1916;60;3
2;ALFREDINE;1917;75;5
2;ALFREDINE;1917;76;3
2;ALFREDINE;1919;80;3
2;ALFREDINE;1920;60;3
2;ALFREDINE;1920;76;10
2;ALFREDINE;1921;14;3
2;ALFREDINE;1921;60;3
2;ALFREDINE;1922;80;3
2;ALFREDINE;1923;60;5
2;ALFREDINE;1923;76;3
2;ALFREDINE;1923;80;5
2;ALFREDINE;1924;02;3
2;ALFREDINE;1924;76;4
2;ALFREDINE;1925;60;3
2;ALFREDINE;1925;76;8
2;ALFREDINE;1926;76;3
2;ALFREDINE;1927;76;3
2;ALFREDINE;1928;02;3
2;ALFREDINE;1929;76;6
2;ALFREDINE;1930;14;3
2;ALFREDINE;1930;76;3
2;ALFREDINE;1934;60;3
2;ALFREDINE;1937;62;3
2;ALFREDINE;XXXX;XX;539
2;ALGIA;XXXX;XX;60
2;ALHANA;XXXX;XX;20
2;ALHENA;XXXX;XX;41
2;ALHÉNA;XXXX;XX;22
2;ALHYA;XXXX;XX;97
2;ALI;XXXX;XX;34
2;ALIA;1954;75;3
2;ALIA;1965;69;3
2;ALIA;1972;75;3
2;ALIA;1973;69;3
2;ALIA;1974;69;4
2;ALIA;1977;75;3
2;ALIA;1983;75;3
2;ALIA;1984;75;3
2;ALIA;1989;75;5
2;ALIA;1989;95;3
2;ALIA;1990;75;3
2;ALIA;1990;95;3
2;ALIA;1993;83;3
2;ALIA;1994;59;3
2;ALIA;1995;59;3
2;ALIA;1995;75;3
2;ALIA;1996;13;3
2;ALIA;1996;59;3
2;ALIA;1996;75;4
2;ALIA;1996;92;4
2;ALIA;1996;93;3
2;ALIA;1997;59;3
2;ALIA;1997;75;6
2;ALIA;1998;59;3
2;ALIA;1998;75;3
2;ALIA;1999;75;4
2;ALIA;2000;13;5
2;ALIA;2000;33;3
2;ALIA;2000;92;6
2;ALIA;2000;93;5
2;ALIA;2001;13;4
2;ALIA;2001;42;3
2;ALIA;2001;75;7
2;ALIA;2001;92;5
2;ALIA;2001;93;3
2;ALIA;2002;13;5
2;ALIA;2002;31;4
2;ALIA;2002;59;3
2;ALIA;2002;69;5
2;ALIA;2002;75;9
2;ALIA;2002;77;3
2;ALIA;2002;78;3
2;ALIA;2002;91;3
2;ALIA;2002;92;7
2;ALIA;2002;93;6
2;ALIA;2002;94;4
2;ALIA;2003;06;3
2;ALIA;2003;13;4
2;ALIA;2003;34;5
2;ALIA;2003;38;6
2;ALIA;2003;59;5
2;ALIA;2003;69;4
2;ALIA;2003;75;6
2;ALIA;2003;78;4
2;ALIA;2003;93;7
2;ALIA;2003;94;3
2;ALIA;2003;95;5
2;ALIA;2004;13;3
2;ALIA;2004;21;3
2;ALIA;2004;26;3
2;ALIA;2004;31;3
2;ALIA;2004;59;5
2;ALIA;2004;69;3
2;ALIA;2004;75;10
2;ALIA;2004;84;3
2;ALIA;2004;91;3
2;ALIA;2004;93;8
2;ALIA;2004;94;7
2;ALIA;2005;06;5
2;ALIA;2005;13;6
2;ALIA;2005;59;5
2;ALIA;2005;68;3
2;ALIA;2005;69;10
2;ALIA;2005;76;3
2;ALIA;2005;77;5
2;ALIA;2005;94;5
2;ALIA;2005;95;6
2;ALIA;2006;34;7
2;ALIA;2006;59;5
2;ALIA;2006;69;4
2;ALIA;2006;75;7
2;ALIA;2006;91;3
2;ALIA;2006;92;7
2;ALIA;2006;93;6
2;ALIA;2006;95;6
2;ALIA;2007;13;3
2;ALIA;2007;14;4
2;ALIA;2007;34;3
2;ALIA;2007;38;4
2;ALIA;2007;49;3
2;ALIA;2007;57;3
2;ALIA;2007;59;3
2;ALIA;2007;62;3
2;ALIA;2007;69;3
2;ALIA;2007;75;3
2;ALIA;2007;78;5
2;ALIA;2007;80;3
2;ALIA;2007;83;3
2;ALIA;2007;92;7
2;ALIA;2007;93;7
2;ALIA;2007;95;4
2;ALIA;2008;13;7
2;ALIA;2008;30;4
2;ALIA;2008;34;3
2;ALIA;2008;62;3
2;ALIA;2008;67;3
2;ALIA;2008;69;11
2;ALIA;2008;75;15
2;ALIA;2008;91;6
2;ALIA;2008;92;6
2;ALIA;2008;93;17
2;ALIA;2008;94;4
2;ALIA;2008;95;5
2;ALIA;2009;13;6
2;ALIA;2009;31;4
2;ALIA;2009;34;5
2;ALIA;2009;38;4
2;ALIA;2009;59;6
2;ALIA;2009;67;5
2;ALIA;2009;69;6
2;ALIA;2009;72;4
2;ALIA;2009;75;5
2;ALIA;2009;76;5
2;ALIA;2009;92;6
2;ALIA;2009;93;7
2;ALIA;2009;95;5
2;ALIA;2010;30;3
2;ALIA;2010;34;9
2;ALIA;2010;57;5
2;ALIA;2010;59;6
2;ALIA;2010;62;3
2;ALIA;2010;67;3
2;ALIA;2010;69;7
2;ALIA;2010;75;5
2;ALIA;2010;76;3
2;ALIA;2010;78;4
2;ALIA;2010;92;7
2;ALIA;2010;93;4
2;ALIA;2010;94;4
2;ALIA;2010;95;8
2;ALIA;2011;06;4
2;ALIA;2011;13;3
2;ALIA;2011;20;3
2;ALIA;2011;31;5
2;ALIA;2011;42;3
2;ALIA;2011;44;3
2;ALIA;2011;45;4
2;ALIA;2011;59;6
2;ALIA;2011;68;4
2;ALIA;2011;69;8
2;ALIA;2011;75;13
2;ALIA;2011;77;4
2;ALIA;2011;78;4
2;ALIA;2011;83;3
2;ALIA;2011;91;7
2;ALIA;2011;92;11
2;ALIA;2011;93;7
2;ALIA;2011;94;6
2;ALIA;2011;95;7
2;ALIA;2012;13;7
2;ALIA;2012;31;3
2;ALIA;2012;34;4
2;ALIA;2012;44;4
2;ALIA;2012;59;6
2;ALIA;2012;69;11
2;ALIA;2012;74;3
2;ALIA;2012;75;4
2;ALIA;2012;77;5
2;ALIA;2012;78;5
2;ALIA;2012;83;3
2;ALIA;2012;91;3
2;ALIA;2012;92;6
2;ALIA;2012;93;15
2;ALIA;2012;94;4
2;ALIA;2012;95;8
2;ALIA;2013;06;4
2;ALIA;2013;13;7
2;ALIA;2013;30;3
2;ALIA;2013;31;3
2;ALIA;2013;33;4
2;ALIA;2013;34;3
2;ALIA;2013;37;5
2;ALIA;2013;44;4
2;ALIA;2013;56;3
2;ALIA;2013;59;3
2;ALIA;2013;67;3
2;ALIA;2013;69;10
2;ALIA;2013;74;3
2;ALIA;2013;75;10
2;ALIA;2013;76;3
2;ALIA;2013;91;9
2;ALIA;2013;92;6
2;ALIA;2013;93;12
2;ALIA;2013;94;10
2;ALIA;2013;95;6
2;ALIA;2014;13;6
2;ALIA;2014;25;5
2;ALIA;2014;31;6
2;ALIA;2014;33;5
2;ALIA;2014;34;6
2;ALIA;2014;35;3
2;ALIA;2014;38;3
2;ALIA;2014;45;4
2;ALIA;2014;51;3
2;ALIA;2014;59;10
2;ALIA;2014;66;3
2;ALIA;2014;67;7
2;ALIA;2014;68;6
2;ALIA;2014;69;13
2;ALIA;2014;75;12
2;ALIA;2014;77;4
2;ALIA;2014;78;7
2;ALIA;2014;83;4
2;ALIA;2014;91;3
2;ALIA;2014;92;15
2;ALIA;2014;93;14
2;ALIA;2014;94;8
2;ALIA;2014;95;9
2;ALIA;2014;974;4
2;ALIA;2015;13;10
2;ALIA;2015;31;4
2;ALIA;2015;33;4
2;ALIA;2015;34;6
2;ALIA;2015;37;3
2;ALIA;2015;38;3
2;ALIA;2015;44;3
2;ALIA;2015;59;14
2;ALIA;2015;67;4
2;ALIA;2015;69;16
2;ALIA;2015;73;3
2;ALIA;2015;74;3
2;ALIA;2015;75;12
2;ALIA;2015;76;6
2;ALIA;2015;77;4
2;ALIA;2015;78;4
2;ALIA;2015;84;3
2;ALIA;2015;91;6
2;ALIA;2015;92;17
2;ALIA;2015;93;8
2;ALIA;2015;94;5
2;ALIA;2015;95;9
2;ALIA;2016;06;4
2;ALIA;2016;13;24
2;ALIA;2016;21;3
2;ALIA;2016;26;4
2;ALIA;2016;29;4
2;ALIA;2016;30;3
2;ALIA;2016;31;7
2;ALIA;2016;33;3
2;ALIA;2016;34;5
2;ALIA;2016;35;4
2;ALIA;2016;38;5
2;ALIA;2016;41;3
2;ALIA;2016;42;4
2;ALIA;2016;44;3
2;ALIA;2016;51;6
2;ALIA;2016;54;3
2;ALIA;2016;57;6
2;ALIA;2016;59;16
2;ALIA;2016;60;6
2;ALIA;2016;64;6
2;ALIA;2016;67;4
2;ALIA;2016;68;4
2;ALIA;2016;69;20
2;ALIA;2016;71;4
2;ALIA;2016;75;22
2;ALIA;2016;76;10
2;ALIA;2016;77;8
2;ALIA;2016;78;14
2;ALIA;2016;83;4
2;ALIA;2016;85;3
2;ALIA;2016;89;3
2;ALIA;2016;91;7
2;ALIA;2016;92;18
2;ALIA;2016;93;24
2;ALIA;2016;94;9
2;ALIA;2016;95;15
2;ALIA;2016;974;4
2;ALIA;2017;06;8
2;ALIA;2017;13;8
2;ALIA;2017;14;3
2;ALIA;2017;16;3
2;ALIA;2017;25;4
2;ALIA;2017;26;3
2;ALIA;2017;30;8
2;ALIA;2017;31;4
2;ALIA;2017;33;9
2;ALIA;2017;34;5
2;ALIA;2017;37;3
2;ALIA;2017;38;8
2;ALIA;2017;42;6
2;ALIA;2017;44;7
2;ALIA;2017;45;5
2;ALIA;2017;49;3
2;ALIA;2017;57;3
2;ALIA;2017;59;18
2;ALIA;2017;60;3
2;ALIA;2017;62;6
2;ALIA;2017;63;3
2;ALIA;2017;66;3
2;ALIA;2017;67;7
2;ALIA;2017;68;3
2;ALIA;2017;69;20
2;ALIA;2017;74;4
2;ALIA;2017;75;21
2;ALIA;2017;76;4
2;ALIA;2017;77;6
2;ALIA;2017;78;13
2;ALIA;2017;81;3
2;ALIA;2017;84;4
2;ALIA;2017;91;7
2;ALIA;2017;92;16
2;ALIA;2017;93;18
2;ALIA;2017;94;13
2;ALIA;2017;95;10
2;ALIA;2017;974;4
2;ALIA;2018;06;8
2;ALIA;2018;13;17
2;ALIA;2018;25;3
2;ALIA;2018;28;4
2;ALIA;2018;30;10
2;ALIA;2018;31;5
2;ALIA;2018;33;3
2;ALIA;2018;34;12
2;ALIA;2018;35;7
2;ALIA;2018;37;5
2;ALIA;2018;38;5
2;ALIA;2018;42;5
2;ALIA;2018;44;7
2;ALIA;2018;45;5
2;ALIA;2018;49;3
2;ALIA;2018;54;3
2;ALIA;2018;56;3
2;ALIA;2018;59;25
2;ALIA;2018;60;3
2;ALIA;2018;62;3
2;ALIA;2018;63;7
2;ALIA;2018;67;5
2;ALIA;2018;69;11
2;ALIA;2018;75;20
2;ALIA;2018;76;9
2;ALIA;2018;77;7
2;ALIA;2018;78;7
2;ALIA;2018;83;3
2;ALIA;2018;90;3
2;ALIA;2018;91;10
2;ALIA;2018;92;18
2;ALIA;2018;93;18
2;ALIA;2018;94;16
2;ALIA;2018;95;12
2;ALIA;2018;973;3
2;ALIA;2019;06;3
2;ALIA;2019;13;13
2;ALIA;2019;21;5
2;ALIA;2019;22;4
2;ALIA;2019;31;14
2;ALIA;2019;33;3
2;ALIA;2019;34;4
2;ALIA;2019;35;3
2;ALIA;2019;38;6
2;ALIA;2019;42;4
2;ALIA;2019;44;3
2;ALIA;2019;45;5
2;ALIA;2019;57;3
2;ALIA;2019;59;21
2;ALIA;2019;62;5
2;ALIA;2019;63;3
2;ALIA;2019;67;4
2;ALIA;2019;68;5
2;ALIA;2019;69;17
2;ALIA;2019;75;25
2;ALIA;2019;76;6
2;ALIA;2019;77;3
2;ALIA;2019;78;8
2;ALIA;2019;83;5
2;ALIA;2019;87;3
2;ALIA;2019;91;10
2;ALIA;2019;92;20
2;ALIA;2019;93;16
2;ALIA;2019;94;11
2;ALIA;2019;95;11
2;ALIA;2019;974;3
2;ALIA;2020;01;6
2;ALIA;2020;06;9
2;ALIA;2020;11;3
2;ALIA;2020;13;15
2;ALIA;2020;29;4
2;ALIA;2020;31;5
2;ALIA;2020;34;6
2;ALIA;2020;37;5
2;ALIA;2020;38;5
2;ALIA;2020;44;4
2;ALIA;2020;49;3
2;ALIA;2020;59;16
2;ALIA;2020;67;8
2;ALIA;2020;69;10
2;ALIA;2020;74;3
2;ALIA;2020;75;12
2;ALIA;2020;76;3
2;ALIA;2020;77;5
2;ALIA;2020;91;3
2;ALIA;2020;92;12
2;ALIA;2020;93;12
2;ALIA;2020;94;10
2;ALIA;2020;95;8
2;ALIA;2020;974;5
2;ALIA;XXXX;XX;1387
2;ALÏA;XXXX;XX;41
2;ALIAA;XXXX;XX;22
2;ALIAH;2010;75;3
2;ALIAH;2010;92;3
2;ALIAH;2010;974;3
2;ALIAH;2011;75;4
2;ALIAH;2011;95;3
2;ALIAH;2017;971;3
2;ALIAH;2019;76;4
2;ALIAH;XXXX;XX;175
2;ALIANA;2007;974;3
2;ALIANA;2010;974;3
2;ALIANA;2012;59;3
2;ALIANA;2017;59;3
2;ALIANA;XXXX;XX;192
2;ALICA;XXXX;XX;34
2;ALICE;1900;01;24
2;ALICE;1900;02;31
2;ALICE;1900;03;44
2;ALICE;1900;05;5
2;ALICE;1900;06;3
2;ALICE;1900;07;12
2;ALICE;1900;08;15
2;ALICE;1900;09;8
2;ALICE;1900;10;21
2;ALICE;1900;11;17
2;ALICE;1900;12;27
2;ALICE;1900;13;9
2;ALICE;1900;14;42
2;ALICE;1900;15;9
2;ALICE;1900;16;33
2;ALICE;1900;17;16
2;ALICE;1900;18;42
2;ALICE;1900;19;5
2;ALICE;1900;21;23
2;ALICE;1900;22;23
2;ALICE;1900;23;33
2;ALICE;1900;24;33
2;ALICE;1900;25;35
2;ALICE;1900;26;22
2;ALICE;1900;27;32
2;ALICE;1900;28;23
2;ALICE;1900;29;7
2;ALICE;1900;30;37
2;ALICE;1900;31;4
2;ALICE;1900;32;15
2;ALICE;1900;33;22
2;ALICE;1900;34;22
2;ALICE;1900;35;16
2;ALICE;1900;36;27
2;ALICE;1900;37;21
2;ALICE;1900;38;51
2;ALICE;1900;39;12
2;ALICE;1900;40;19
2;ALICE;1900;41;26
2;ALICE;1900;42;18
2;ALICE;1900;43;10
2;ALICE;1900;44;38
2;ALICE;1900;45;45
2;ALICE;1900;46;10
2;ALICE;1900;47;18
2;ALICE;1900;49;21
2;ALICE;1900;50;47
2;ALICE;1900;51;27
2;ALICE;1900;52;15
2;ALICE;1900;53;19
2;ALICE;1900;54;52
2;ALICE;1900;55;19
2;ALICE;1900;56;9
2;ALICE;1900;57;29
2;ALICE;1900;58;41
2;ALICE;1900;59;142
2;ALICE;1900;60;24
2;ALICE;1900;61;37
2;ALICE;1900;62;95
2;ALICE;1900;63;29
2;ALICE;1900;64;8
2;ALICE;1900;65;4
2;ALICE;1900;66;15
2;ALICE;1900;67;44
2;ALICE;1900;68;36
2;ALICE;1900;69;35
2;ALICE;1900;70;23
2;ALICE;1900;71;43
2;ALICE;1900;72;71
2;ALICE;1900;73;24
2;ALICE;1900;74;39
2;ALICE;1900;75;382
2;ALICE;1900;76;136
2;ALICE;1900;77;33
2;ALICE;1900;78;83
2;ALICE;1900;79;78
2;ALICE;1900;80;25
2;ALICE;1900;81;31
2;ALICE;1900;82;8
2;ALICE;1900;83;4
2;ALICE;1900;85;49
2;ALICE;1900;86;33
2;ALICE;1900;87;13
2;ALICE;1900;88;27
2;ALICE;1900;89;42
2;ALICE;1900;90;9
2;ALICE;1900;971;10
2;ALICE;1900;972;8
2;ALICE;1900;973;3
2;ALICE;1900;974;7
2;ALICE;1901;01;15
2;ALICE;1901;02;40
2;ALICE;1901;03;47
2;ALICE;1901;04;4
2;ALICE;1901;05;3
2;ALICE;1901;06;5
2;ALICE;1901;07;13
2;ALICE;1901;08;13
2;ALICE;1901;09;7
2;ALICE;1901;10;21
2;ALICE;1901;11;16
2;ALICE;1901;12;29
2;ALICE;1901;13;11
2;ALICE;1901;14;49
2;ALICE;1901;15;4
2;ALICE;1901;16;40
2;ALICE;1901;17;27
2;ALICE;1901;18;34
2;ALICE;1901;19;10
2;ALICE;1901;21;37
2;ALICE;1901;22;28
2;ALICE;1901;23;41
2;ALICE;1901;24;35
2;ALICE;1901;25;45
2;ALICE;1901;26;19
2;ALICE;1901;27;46
2;ALICE;1901;28;27
2;ALICE;1901;29;19
2;ALICE;1901;30;27
2;ALICE;1901;31;9
2;ALICE;1901;32;21
2;ALICE;1901;33;26
2;ALICE;1901;34;24
2;ALICE;1901;35;16
2;ALICE;1901;36;32
2;ALICE;1901;37;26
2;ALICE;1901;38;65
2;ALICE;1901;39;27
2;ALICE;1901;40;25
2;ALICE;1901;41;31
2;ALICE;1901;42;22
2;ALICE;1901;43;13
2;ALICE;1901;44;29
2;ALICE;1901;45;48
2;ALICE;1901;46;13
2;ALICE;1901;47;16
2;ALICE;1901;48;3
2;ALICE;1901;49;30
2;ALICE;1901;50;56
2;ALICE;1901;51;31
2;ALICE;1901;52;18
2;ALICE;1901;53;29
2;ALICE;1901;54;45
2;ALICE;1901;55;26
2;ALICE;1901;56;21
2;ALICE;1901;57;21
2;ALICE;1901;58;50
2;ALICE;1901;59;132
2;ALICE;1901;60;30
2;ALICE;1901;61;40
2;ALICE;1901;62;97
2;ALICE;1901;63;37
2;ALICE;1901;64;17
2;ALICE;1901;65;8
2;ALICE;1901;66;4
2;ALICE;1901;67;47
2;ALICE;1901;68;45
2;ALICE;1901;69;38
2;ALICE;1901;70;27
2;ALICE;1901;71;55
2;ALICE;1901;72;87
2;ALICE;1901;73;34
2;ALICE;1901;74;38
2;ALICE;1901;75;364
2;ALICE;1901;76;129
2;ALICE;1901;77;25
2;ALICE;1901;78;69
2;ALICE;1901;79;56
2;ALICE;1901;80;27
2;ALICE;1901;81;26
2;ALICE;1901;82;12
2;ALICE;1901;83;5
2;ALICE;1901;85;57
2;ALICE;1901;86;43
2;ALICE;1901;87;17
2;ALICE;1901;88;37
2;ALICE;1901;89;31
2;ALICE;1901;90;5
2;ALICE;1901;971;7
2;ALICE;1901;972;9
2;ALICE;1901;973;3
2;ALICE;1901;974;5
2;ALICE;1902;01;22
2;ALICE;1902;02;37
2;ALICE;1902;03;50
2;ALICE;1902;05;7
2;ALICE;1902;06;8
2;ALICE;1902;07;10
2;ALICE;1902;08;23
2;ALICE;1902;09;8
2;ALICE;1902;10;19
2;ALICE;1902;11;19
2;ALICE;1902;12;19
2;ALICE;1902;13;13
2;ALICE;1902;14;41
2;ALICE;1902;16;25
2;ALICE;1902;17;33
2;ALICE;1902;18;48
2;ALICE;1902;19;5
2;ALICE;1902;21;33
2;ALICE;1902;22;19
2;ALICE;1902;23;48
2;ALICE;1902;24;39
2;ALICE;1902;25;42
2;ALICE;1902;26;17
2;ALICE;1902;27;35
2;ALICE;1902;28;29
2;ALICE;1902;29;13
2;ALICE;1902;30;29
2;ALICE;1902;31;11
2;ALICE;1902;32;10
2;ALICE;1902;33;31
2;ALICE;1902;34;32
2;ALICE;1902;35;17
2;ALICE;1902;36;24
2;ALICE;1902;37;29
2;ALICE;1902;38;60
2;ALICE;1902;39;30
2;ALICE;1902;40;17
2;ALICE;1902;41;22
2;ALICE;1902;42;23
2;ALICE;1902;43;7
2;ALICE;1902;44;25
2;ALICE;1902;45;47
2;ALICE;1902;46;11
2;ALICE;1902;47;14
2;ALICE;1902;48;4
2;ALICE;1902;49;23
2;ALICE;1902;50;68
2;ALICE;1902;51;42
2;ALICE;1902;52;18
2;ALICE;1902;53;27
2;ALICE;1902;54;51
2;ALICE;1902;55;26
2;ALICE;1902;56;17
2;ALICE;1902;57;23
2;ALICE;1902;58;40
2;ALICE;1902;59;123
2;ALICE;1902;60;29
2;ALICE;1902;61;43
2;ALICE;1902;62;98
2;ALICE;1902;63;37
2;ALICE;1902;64;11
2;ALICE;1902;65;6
2;ALICE;1902;66;9
2;ALICE;1902;67;40
2;ALICE;1902;68;47
2;ALICE;1902;69;31
2;ALICE;1902;70;28
2;ALICE;1902;71;47
2;ALICE;1902;72;75
2;ALICE;1902;73;35
2;ALICE;1902;74;40
2;ALICE;1902;75;413
2;ALICE;1902;76;145
2;ALICE;1902;77;32
2;ALICE;1902;78;89
2;ALICE;1902;79;62
2;ALICE;1902;80;27
2;ALICE;1902;81;29
2;ALICE;1902;82;13
2;ALICE;1902;83;6
2;ALICE;1902;85;71
2;ALICE;1902;86;47
2;ALICE;1902;87;13
2;ALICE;1902;88;21
2;ALICE;1902;89;40
2;ALICE;1902;90;11
2;ALICE;1902;971;7
2;ALICE;1902;972;10
2;ALICE;1902;974;6
2;ALICE;1903;01;23
2;ALICE;1903;02;30
2;ALICE;1903;03;58
2;ALICE;1903;04;5
2;ALICE;1903;06;7
2;ALICE;1903;07;19
2;ALICE;1903;08;22
2;ALICE;1903;09;6
2;ALICE;1903;10;20
2;ALICE;1903;11;13
2;ALICE;1903;12;41
2;ALICE;1903;13;14
2;ALICE;1903;14;48
2;ALICE;1903;15;6
2;ALICE;1903;16;26
2;ALICE;1903;17;20
2;ALICE;1903;18;41
2;ALICE;1903;19;3
2;ALICE;1903;21;39
2;ALICE;1903;22;22
2;ALICE;1903;23;45
2;ALICE;1903;24;32
2;ALICE;1903;25;42
2;ALICE;1903;26;27
2;ALICE;1903;27;36
2;ALICE;1903;28;23
2;ALICE;1903;29;23
2;ALICE;1903;30;29
2;ALICE;1903;31;9
2;ALICE;1903;32;14
2;ALICE;1903;33;25
2;ALICE;1903;34;35
2;ALICE;1903;35;27
2;ALICE;1903;36;32
2;ALICE;1903;37;29
2;ALICE;1903;38;58
2;ALICE;1903;39;14
2;ALICE;1903;40;23
2;ALICE;1903;41;32
2;ALICE;1903;42;23
2;ALICE;1903;43;18
2;ALICE;1903;44;28
2;ALICE;1903;45;50
2;ALICE;1903;46;15
2;ALICE;1903;47;17
2;ALICE;1903;49;31
2;ALICE;1903;50;66
2;ALICE;1903;51;26
2;ALICE;1903;52;16
2;ALICE;1903;53;26
2;ALICE;1903;54;50
2;ALICE;1903;55;19
2;ALICE;1903;56;22
2;ALICE;1903;57;26
2;ALICE;1903;58;44
2;ALICE;1903;59;103
2;ALICE;1903;60;27
2;ALICE;1903;61;43
2;ALICE;1903;62;109
2;ALICE;1903;63;41
2;ALICE;1903;64;20
2;ALICE;1903;65;10
2;ALICE;1903;66;11
2;ALICE;1903;67;41
2;ALICE;1903;68;74
2;ALICE;1903;69;47
2;ALICE;1903;70;31
2;ALICE;1903;71;63
2;ALICE;1903;72;66
2;ALICE;1903;73;29
2;ALICE;1903;74;55
2;ALICE;1903;75;393
2;ALICE;1903;76;165
2;ALICE;1903;77;24
2;ALICE;1903;78;67
2;ALICE;1903;79;46
2;ALICE;1903;80;37
2;ALICE;1903;81;38
2;ALICE;1903;82;14
2;ALICE;1903;84;5
2;ALICE;1903;85;57
2;ALICE;1903;86;40
2;ALICE;1903;87;17
2;ALICE;1903;88;37
2;ALICE;1903;89;30
2;ALICE;1903;90;9
2;ALICE;1903;971;6
2;ALICE;1903;972;13
2;ALICE;1903;973;5
2;ALICE;1903;974;10
2;ALICE;1904;01;21
2;ALICE;1904;02;27
2;ALICE;1904;03;42
2;ALICE;1904;05;7
2;ALICE;1904;06;8
2;ALICE;1904;07;17
2;ALICE;1904;08;19
2;ALICE;1904;09;11
2;ALICE;1904;10;25
2;ALICE;1904;11;13
2;ALICE;1904;12;28
2;ALICE;1904;13;12
2;ALICE;1904;14;41
2;ALICE;1904;15;11
2;ALICE;1904;16;22
2;ALICE;1904;17;21
2;ALICE;1904;18;49
2;ALICE;1904;19;11
2;ALICE;1904;21;32
2;ALICE;1904;22;39
2;ALICE;1904;23;37
2;ALICE;1904;24;26
2;ALICE;1904;25;39
2;ALICE;1904;26;26
2;ALICE;1904;27;58
2;ALICE;1904;28;26
2;ALICE;1904;29;18
2;ALICE;1904;30;36
2;ALICE;1904;31;15
2;ALICE;1904;32;13
2;ALICE;1904;33;30
2;ALICE;1904;34;30
2;ALICE;1904;35;14
2;ALICE;1904;36;26
2;ALICE;1904;37;30
2;ALICE;1904;38;64
2;ALICE;1904;39;23
2;ALICE;1904;40;24
2;ALICE;1904;41;35
2;ALICE;1904;42;17
2;ALICE;1904;43;9
2;ALICE;1904;44;40
2;ALICE;1904;45;42
2;ALICE;1904;46;7
2;ALICE;1904;47;14
2;ALICE;1904;49;23
2;ALICE;1904;50;66
2;ALICE;1904;51;38
2;ALICE;1904;52;14
2;ALICE;1904;53;27
2;ALICE;1904;54;59
2;ALICE;1904;55;24
2;ALICE;1904;56;19
2;ALICE;1904;57;38
2;ALICE;1904;58;39
2;ALICE;1904;59;126
2;ALICE;1904;60;39
2;ALICE;1904;61;46
2;ALICE;1904;62;116
2;ALICE;1904;63;38
2;ALICE;1904;64;24
2;ALICE;1904;65;16
2;ALICE;1904;66;9
2;ALICE;1904;67;58
2;ALICE;1904;68;55
2;ALICE;1904;69;30
2;ALICE;1904;70;30
2;ALICE;1904;71;67
2;ALICE;1904;72;89
2;ALICE;1904;73;34
2;ALICE;1904;74;40
2;ALICE;1904;75;418
2;ALICE;1904;76;124
2;ALICE;1904;77;39
2;ALICE;1904;78;73
2;ALICE;1904;79;73
2;ALICE;1904;80;25
2;ALICE;1904;81;36
2;ALICE;1904;82;13
2;ALICE;1904;83;3
2;ALICE;1904;84;3
2;ALICE;1904;85;68
2;ALICE;1904;86;43
2;ALICE;1904;87;22
2;ALICE;1904;88;27
2;ALICE;1904;89;34
2;ALICE;1904;90;11
2;ALICE;1904;971;7
2;ALICE;1904;972;5
2;ALICE;1904;973;3
2;ALICE;1904;974;8
2;ALICE;1905;01;23
2;ALICE;1905;02;37
2;ALICE;1905;03;56
2;ALICE;1905;06;8
2;ALICE;1905;07;26
2;ALICE;1905;08;20
2;ALICE;1905;09;12
2;ALICE;1905;10;22
2;ALICE;1905;11;15
2;ALICE;1905;12;30
2;ALICE;1905;13;15
2;ALICE;1905;14;63
2;ALICE;1905;15;14
2;ALICE;1905;16;19
2;ALICE;1905;17;37
2;ALICE;1905;18;48
2;ALICE;1905;19;11
2;ALICE;1905;21;34
2;ALICE;1905;22;28
2;ALICE;1905;23;49
2;ALICE;1905;24;46
2;ALICE;1905;25;45
2;ALICE;1905;26;20
2;ALICE;1905;27;34
2;ALICE;1905;28;21
2;ALICE;1905;29;24
2;ALICE;1905;30;33
2;ALICE;1905;31;13
2;ALICE;1905;32;16
2;ALICE;1905;33;24
2;ALICE;1905;34;40
2;ALICE;1905;35;23
2;ALICE;1905;36;26
2;ALICE;1905;37;29
2;ALICE;1905;38;55
2;ALICE;1905;39;28
2;ALICE;1905;40;29
2;ALICE;1905;41;39
2;ALICE;1905;42;27
2;ALICE;1905;43;23
2;ALICE;1905;44;34
2;ALICE;1905;45;29
2;ALICE;1905;46;19
2;ALICE;1905;47;19
2;ALICE;1905;48;4
2;ALICE;1905;49;25
2;ALICE;1905;50;63
2;ALICE;1905;51;29
2;ALICE;1905;52;30
2;ALICE;1905;53;30
2;ALICE;1905;54;63
2;ALICE;1905;55;18
2;ALICE;1905;56;26
2;ALICE;1905;57;42
2;ALICE;1905;58;61
2;ALICE;1905;59;125
2;ALICE;1905;60;28
2;ALICE;1905;61;50
2;ALICE;1905;62;107
2;ALICE;1905;63;48
2;ALICE;1905;64;19
2;ALICE;1905;65;12
2;ALICE;1905;66;17
2;ALICE;1905;67;69
2;ALICE;1905;68;65
2;ALICE;1905;69;44
2;ALICE;1905;70;26
2;ALICE;1905;71;69
2;ALICE;1905;72;84
2;ALICE;1905;73;30
2;ALICE;1905;74;52
2;ALICE;1905;75;374
2;ALICE;1905;76;116
2;ALICE;1905;77;27
2;ALICE;1905;78;96
2;ALICE;1905;79;64
2;ALICE;1905;80;27
2;ALICE;1905;81;37
2;ALICE;1905;82;14
2;ALICE;1905;83;3
2;ALICE;1905;84;9
2;ALICE;1905;85;68
2;ALICE;1905;86;48
2;ALICE;1905;87;17
2;ALICE;1905;88;43
2;ALICE;1905;89;32
2;ALICE;1905;90;14
2;ALICE;1905;971;5
2;ALICE;1905;972;13
2;ALICE;1905;974;7
2;ALICE;1906;01;20
2;ALICE;1906;02;39
2;ALICE;1906;03;65
2;ALICE;1906;04;3
2;ALICE;1906;05;5
2;ALICE;1906;06;8
2;ALICE;1906;07;28
2;ALICE;1906;08;21
2;ALICE;1906;09;13
2;ALICE;1906;10;16
2;ALICE;1906;11;19
2;ALICE;1906;12;43
2;ALICE;1906;13;12
2;ALICE;1906;14;41
2;ALICE;1906;15;14
2;ALICE;1906;16;31
2;ALICE;1906;17;42
2;ALICE;1906;18;44
2;ALICE;1906;19;14
2;ALICE;1906;21;38
2;ALICE;1906;22;47
2;ALICE;1906;23;53
2;ALICE;1906;24;41
2;ALICE;1906;25;40
2;ALICE;1906;26;33
2;ALICE;1906;27;46
2;ALICE;1906;28;27
2;ALICE;1906;29;22
2;ALICE;1906;30;38
2;ALICE;1906;31;15
2;ALICE;1906;32;22
2;ALICE;1906;33;20
2;ALICE;1906;34;36
2;ALICE;1906;35;23
2;ALICE;1906;36;33
2;ALICE;1906;37;31
2;ALICE;1906;38;64
2;ALICE;1906;39;23
2;ALICE;1906;40;27
2;ALICE;1906;41;26
2;ALICE;1906;42;39
2;ALICE;1906;43;12
2;ALICE;1906;44;39
2;ALICE;1906;45;45
2;ALICE;1906;46;20
2;ALICE;1906;47;16
2;ALICE;1906;48;4
2;ALICE;1906;49;40
2;ALICE;1906;50;79
2;ALICE;1906;51;34
2;ALICE;1906;52;13
2;ALICE;1906;53;27
2;ALICE;1906;54;69
2;ALICE;1906;55;22
2;ALICE;1906;56;33
2;ALICE;1906;57;39
2;ALICE;1906;58;51
2;ALICE;1906;59;129
2;ALICE;1906;60;22
2;ALICE;1906;61;49
2;ALICE;1906;62;111
2;ALICE;1906;63;56
2;ALICE;1906;64;19
2;ALICE;1906;65;12
2;ALICE;1906;66;19
2;ALICE;1906;67;64
2;ALICE;1906;68;63
2;ALICE;1906;69;49
2;ALICE;1906;70;36
2;ALICE;1906;71;72
2;ALICE;1906;72;58
2;ALICE;1906;73;41
2;ALICE;1906;74;52
2;ALICE;1906;75;356
2;ALICE;1906;76;146
2;ALICE;1906;77;38
2;ALICE;1906;78;90
2;ALICE;1906;79;67
2;ALICE;1906;80;37
2;ALICE;1906;81;37
2;ALICE;1906;82;16
2;ALICE;1906;83;3
2;ALICE;1906;84;3
2;ALICE;1906;85;49
2;ALICE;1906;86;53
2;ALICE;1906;87;23
2;ALICE;1906;88;36
2;ALICE;1906;89;29
2;ALICE;1906;90;12
2;ALICE;1906;971;9
2;ALICE;1906;972;11
2;ALICE;1906;974;4
2;ALICE;1907;01;24
2;ALICE;1907;02;28
2;ALICE;1907;03;55
2;ALICE;1907;04;5
2;ALICE;1907;05;8
2;ALICE;1907;06;9
2;ALICE;1907;07;22
2;ALICE;1907;08;18
2;ALICE;1907;09;9
2;ALICE;1907;10;27
2;ALICE;1907;11;12
2;ALICE;1907;12;40
2;ALICE;1907;13;19
2;ALICE;1907;14;42
2;ALICE;1907;15;11
2;ALICE;1907;16;22
2;ALICE;1907;17;29
2;ALICE;1907;18;45
2;ALICE;1907;19;10
2;ALICE;1907;20;3
2;ALICE;1907;21;38
2;ALICE;1907;22;39
2;ALICE;1907;23;60
2;ALICE;1907;24;37
2;ALICE;1907;25;40
2;ALICE;1907;26;14
2;ALICE;1907;27;47
2;ALICE;1907;28;23
2;ALICE;1907;29;20
2;ALICE;1907;30;30
2;ALICE;1907;31;10
2;ALICE;1907;32;13
2;ALICE;1907;33;25
2;ALICE;1907;34;35
2;ALICE;1907;35;25
2;ALICE;1907;36;43
2;ALICE;1907;37;35
2;ALICE;1907;38;49
2;ALICE;1907;39;35
2;ALICE;1907;40;35
2;ALICE;1907;41;32
2;ALICE;1907;42;27
2;ALICE;1907;43;11
2;ALICE;1907;44;38
2;ALICE;1907;45;41
2;ALICE;1907;46;14
2;ALICE;1907;47;20
2;ALICE;1907;48;4
2;ALICE;1907;49;24
2;ALICE;1907;50;67
2;ALICE;1907;51;35
2;ALICE;1907;52;22
2;ALICE;1907;53;23
2;ALICE;1907;54;55
2;ALICE;1907;55;22
2;ALICE;1907;56;29
2;ALICE;1907;57;29
2;ALICE;1907;58;48
2;ALICE;1907;59;158
2;ALICE;1907;60;32
2;ALICE;1907;61;46
2;ALICE;1907;62;95
2;ALICE;1907;63;47
2;ALICE;1907;64;15
2;ALICE;1907;65;8
2;ALICE;1907;66;16
2;ALICE;1907;67;87
2;ALICE;1907;68;81
2;ALICE;1907;69;34
2;ALICE;1907;70;35
2;ALICE;1907;71;64
2;ALICE;1907;72;77
2;ALICE;1907;73;34
2;ALICE;1907;74;45
2;ALICE;1907;75;375
2;ALICE;1907;76;158
2;ALICE;1907;77;37
2;ALICE;1907;78;66
2;ALICE;1907;79;53
2;ALICE;1907;80;32
2;ALICE;1907;81;33
2;ALICE;1907;82;9
2;ALICE;1907;83;6
2;ALICE;1907;84;13
2;ALICE;1907;85;65
2;ALICE;1907;86;47
2;ALICE;1907;87;20
2;ALICE;1907;88;24
2;ALICE;1907;89;27
2;ALICE;1907;90;13
2;ALICE;1907;971;8
2;ALICE;1907;972;10
2;ALICE;1907;974;8
2;ALICE;1908;01;30
2;ALICE;1908;02;37
2;ALICE;1908;03;71
2;ALICE;1908;04;4
2;ALICE;1908;05;9
2;ALICE;1908;06;17
2;ALICE;1908;07;26
2;ALICE;1908;08;20
2;ALICE;1908;09;18
2;ALICE;1908;10;20
2;ALICE;1908;11;25
2;ALICE;1908;12;42
2;ALICE;1908;13;13
2;ALICE;1908;14;59
2;ALICE;1908;15;12
2;ALICE;1908;16;33
2;ALICE;1908;17;31
2;ALICE;1908;18;42
2;ALICE;1908;19;12
2;ALICE;1908;21;39
2;ALICE;1908;22;41
2;ALICE;1908;23;44
2;ALICE;1908;24;36
2;ALICE;1908;25;38
2;ALICE;1908;26;24
2;ALICE;1908;27;27
2;ALICE;1908;28;27
2;ALICE;1908;29;28
2;ALICE;1908;30;44
2;ALICE;1908;31;20
2;ALICE;1908;32;24
2;ALICE;1908;33;42
2;ALICE;1908;34;36
2;ALICE;1908;35;20
2;ALICE;1908;36;24
2;ALICE;1908;37;38
2;ALICE;1908;38;50
2;ALICE;1908;39;18
2;ALICE;1908;40;42
2;ALICE;1908;41;40
2;ALICE;1908;42;25
2;ALICE;1908;43;16
2;ALICE;1908;44;35
2;ALICE;1908;45;46
2;ALICE;1908;46;13
2;ALICE;1908;47;21
2;ALICE;1908;48;6
2;ALICE;1908;49;28
2;ALICE;1908;50;88
2;ALICE;1908;51;24
2;ALICE;1908;52;17
2;ALICE;1908;53;33
2;ALICE;1908;54;49
2;ALICE;1908;55;30
2;ALICE;1908;56;17
2;ALICE;1908;57;41
2;ALICE;1908;58;51
2;ALICE;1908;59;132
2;ALICE;1908;60;22
2;ALICE;1908;61;42
2;ALICE;1908;62;116
2;ALICE;1908;63;55
2;ALICE;1908;64;20
2;ALICE;1908;65;13
2;ALICE;1908;66;21
2;ALICE;1908;67;108
2;ALICE;1908;68;93
2;ALICE;1908;69;49
2;ALICE;1908;70;29
2;ALICE;1908;71;90
2;ALICE;1908;72;84
2;ALICE;1908;73;31
2;ALICE;1908;74;49
2;ALICE;1908;75;347
2;ALICE;1908;76;149
2;ALICE;1908;77;30
2;ALICE;1908;78;68
2;ALICE;1908;79;50
2;ALICE;1908;80;26
2;ALICE;1908;81;50
2;ALICE;1908;82;25
2;ALICE;1908;83;5
2;ALICE;1908;84;10
2;ALICE;1908;85;66
2;ALICE;1908;86;64
2;ALICE;1908;87;24
2;ALICE;1908;88;41
2;ALICE;1908;89;24
2;ALICE;1908;90;14
2;ALICE;1908;971;6
2;ALICE;1908;972;15
2;ALICE;1908;974;12
2;ALICE;1909;01;25
2;ALICE;1909;02;33
2;ALICE;1909;03;68
2;ALICE;1909;04;3
2;ALICE;1909;05;12
2;ALICE;1909;06;12
2;ALICE;1909;07;23
2;ALICE;1909;08;14
2;ALICE;1909;09;15
2;ALICE;1909;10;24
2;ALICE;1909;11;32
2;ALICE;1909;12;45
2;ALICE;1909;13;24
2;ALICE;1909;14;39
2;ALICE;1909;15;13
2;ALICE;1909;16;36
2;ALICE;1909;17;27
2;ALICE;1909;18;36
2;ALICE;1909;19;14
2;ALICE;1909;21;32
2;ALICE;1909;22;54
2;ALICE;1909;23;52
2;ALICE;1909;24;37
2;ALICE;1909;25;36
2;ALICE;1909;26;29
2;ALICE;1909;27;36
2;ALICE;1909;28;21
2;ALICE;1909;29;22
2;ALICE;1909;30;36
2;ALICE;1909;31;10
2;ALICE;1909;32;25
2;ALICE;1909;33;27
2;ALICE;1909;34;31
2;ALICE;1909;35;28
2;ALICE;1909;36;29
2;ALICE;1909;37;31
2;ALICE;1909;38;64
2;ALICE;1909;39;31
2;ALICE;1909;40;49
2;ALICE;1909;41;30
2;ALICE;1909;42;35
2;ALICE;1909;43;23
2;ALICE;1909;44;47
2;ALICE;1909;45;38
2;ALICE;1909;46;11
2;ALICE;1909;47;24
2;ALICE;1909;48;6
2;ALICE;1909;49;27
2;ALICE;1909;50;79
2;ALICE;1909;51;33
2;ALICE;1909;52;17
2;ALICE;1909;53;31
2;ALICE;1909;54;66
2;ALICE;1909;55;20
2;ALICE;1909;56;34
2;ALICE;1909;57;40
2;ALICE;1909;58;56
2;ALICE;1909;59;135
2;ALICE;1909;60;24
2;ALICE;1909;61;49
2;ALICE;1909;62;100
2;ALICE;1909;63;56
2;ALICE;1909;64;17
2;ALICE;1909;65;18
2;ALICE;1909;66;18
2;ALICE;1909;67;87
2;ALICE;1909;68;101
2;ALICE;1909;69;53
2;ALICE;1909;70;21
2;ALICE;1909;71;91
2;ALICE;1909;72;76
2;ALICE;1909;73;41
2;ALICE;1909;74;40
2;ALICE;1909;75;328
2;ALICE;1909;76;137
2;ALICE;1909;77;26
2;ALICE;1909;78;68
2;ALICE;1909;79;57
2;ALICE;1909;80;34
2;ALICE;1909;81;41
2;ALICE;1909;82;20
2;ALICE;1909;83;6
2;ALICE;1909;84;7
2;ALICE;1909;85;60
2;ALICE;1909;86;51
2;ALICE;1909;87;30
2;ALICE;1909;88;43
2;ALICE;1909;89;23
2;ALICE;1909;90;16
2;ALICE;1909;971;5
2;ALICE;1909;972;11
2;ALICE;1909;974;15
2;ALICE;1910;01;32
2;ALICE;1910;02;23
2;ALICE;1910;03;52
2;ALICE;1910;04;4
2;ALICE;1910;05;6
2;ALICE;1910;06;14
2;ALICE;1910;07;25
2;ALICE;1910;08;16
2;ALICE;1910;09;13
2;ALICE;1910;10;17
2;ALICE;1910;11;32
2;ALICE;1910;12;42
2;ALICE;1910;13;18
2;ALICE;1910;14;48
2;ALICE;1910;15;14
2;ALICE;1910;16;25
2;ALICE;1910;17;36
2;ALICE;1910;18;39
2;ALICE;1910;19;16
2;ALICE;1910;21;25
2;ALICE;1910;22;41
2;ALICE;1910;23;60
2;ALICE;1910;24;34
2;ALICE;1910;25;42
2;ALICE;1910;26;24
2;ALICE;1910;27;35
2;ALICE;1910;28;23
2;ALICE;1910;29;33
2;ALICE;1910;30;36
2;ALICE;1910;31;27
2;ALICE;1910;32;21
2;ALICE;1910;33;17
2;ALICE;1910;34;39
2;ALICE;1910;35;24
2;ALICE;1910;36;26
2;ALICE;1910;37;20
2;ALICE;1910;38;48
2;ALICE;1910;39;24
2;ALICE;1910;40;29
2;ALICE;1910;41;29
2;ALICE;1910;42;32
2;ALICE;1910;43;20
2;ALICE;1910;44;45
2;ALICE;1910;45;36
2;ALICE;1910;46;23
2;ALICE;1910;47;18
2;ALICE;1910;48;8
2;ALICE;1910;49;25
2;ALICE;1910;50;82
2;ALICE;1910;51;30
2;ALICE;1910;52;19
2;ALICE;1910;53;31
2;ALICE;1910;54;48
2;ALICE;1910;55;21
2;ALICE;1910;56;39
2;ALICE;1910;57;48
2;ALICE;1910;58;49
2;ALICE;1910;59;140
2;ALICE;1910;60;22
2;ALICE;1910;61;44
2;ALICE;1910;62;102
2;ALICE;1910;63;54
2;ALICE;1910;64;23
2;ALICE;1910;65;11
2;ALICE;1910;66;17
2;ALICE;1910;67;88
2;ALICE;1910;68;98
2;ALICE;1910;69;38
2;ALICE;1910;70;25
2;ALICE;1910;71;81
2;ALICE;1910;72;86
2;ALICE;1910;73;51
2;ALICE;1910;74;55
2;ALICE;1910;75;338
2;ALICE;1910;76;129
2;ALICE;1910;77;28
2;ALICE;1910;78;61
2;ALICE;1910;79;60
2;ALICE;1910;80;31
2;ALICE;1910;81;52
2;ALICE;1910;82;22
2;ALICE;1910;83;5
2;ALICE;1910;84;7
2;ALICE;1910;85;56
2;ALICE;1910;86;34
2;ALICE;1910;87;21
2;ALICE;1910;88;38
2;ALICE;1910;89;23
2;ALICE;1910;90;16
2;ALICE;1910;971;6
2;ALICE;1910;972;16
2;ALICE;1910;974;16
2;ALICE;1911;01;33
2;ALICE;1911;02;35
2;ALICE;1911;03;47
2;ALICE;1911;04;4
2;ALICE;1911;05;7
2;ALICE;1911;06;11
2;ALICE;1911;07;20
2;ALICE;1911;08;19
2;ALICE;1911;09;8
2;ALICE;1911;10;21
2;ALICE;1911;11;15
2;ALICE;1911;12;44
2;ALICE;1911;13;20
2;ALICE;1911;14;32
2;ALICE;1911;15;16
2;ALICE;1911;16;30
2;ALICE;1911;17;34
2;ALICE;1911;18;34
2;ALICE;1911;19;10
2;ALICE;1911;21;28
2;ALICE;1911;22;55
2;ALICE;1911;23;47
2;ALICE;1911;24;43
2;ALICE;1911;25;26
2;ALICE;1911;26;20
2;ALICE;1911;27;26
2;ALICE;1911;28;22
2;ALICE;1911;29;38
2;ALICE;1911;30;28
2;ALICE;1911;31;14
2;ALICE;1911;32;24
2;ALICE;1911;33;33
2;ALICE;1911;34;39
2;ALICE;1911;35;29
2;ALICE;1911;36;32
2;ALICE;1911;37;19
2;ALICE;1911;38;57
2;ALICE;1911;39;24
2;ALICE;1911;40;26
2;ALICE;1911;41;33
2;ALICE;1911;42;28
2;ALICE;1911;43;17
2;ALICE;1911;44;23
2;ALICE;1911;45;23
2;ALICE;1911;46;18
2;ALICE;1911;47;20
2;ALICE;1911;48;4
2;ALICE;1911;49;24
2;ALICE;1911;50;80
2;ALICE;1911;51;20
2;ALICE;1911;52;15
2;ALICE;1911;53;31
2;ALICE;1911;54;52
2;ALICE;1911;55;17
2;ALICE;1911;56;25
2;ALICE;1911;57;30
2;ALICE;1911;58;58
2;ALICE;1911;59;109
2;ALICE;1911;60;26
2;ALICE;1911;61;50
2;ALICE;1911;62;89
2;ALICE;1911;63;51
2;ALICE;1911;64;22
2;ALICE;1911;65;9
2;ALICE;1911;66;7
2;ALICE;1911;67;89
2;ALICE;1911;68;92
2;ALICE;1911;69;55
2;ALICE;1911;70;24
2;ALICE;1911;71;74
2;ALICE;1911;72;86
2;ALICE;1911;73;43
2;ALICE;1911;74;42
2;ALICE;1911;75;338
2;ALICE;1911;76;103
2;ALICE;1911;77;38
2;ALICE;1911;78;64
2;ALICE;1911;79;54
2;ALICE;1911;80;35
2;ALICE;1911;81;46
2;ALICE;1911;82;19
2;ALICE;1911;83;6
2;ALICE;1911;84;3
2;ALICE;1911;85;63
2;ALICE;1911;86;42
2;ALICE;1911;87;12
2;ALICE;1911;88;38
2;ALICE;1911;89;19
2;ALICE;1911;90;14
2;ALICE;1911;971;7
2;ALICE;1911;972;11
2;ALICE;1911;973;3
2;ALICE;1911;974;13
2;ALICE;1912;01;21
2;ALICE;1912;02;29
2;ALICE;1912;03;68
2;ALICE;1912;04;9
2;ALICE;1912;05;9
2;ALICE;1912;06;6
2;ALICE;1912;07;28
2;ALICE;1912;08;11
2;ALICE;1912;09;18
2;ALICE;1912;10;13
2;ALICE;1912;11;19
2;ALICE;1912;12;40
2;ALICE;1912;13;25
2;ALICE;1912;14;49
2;ALICE;1912;15;17
2;ALICE;1912;16;25
2;ALICE;1912;17;25
2;ALICE;1912;18;33
2;ALICE;1912;19;13
2;ALICE;1912;21;38
2;ALICE;1912;22;64
2;ALICE;1912;23;47
2;ALICE;1912;24;43
2;ALICE;1912;25;49
2;ALICE;1912;26;20
2;ALICE;1912;27;32
2;ALICE;1912;28;20
2;ALICE;1912;29;33
2;ALICE;1912;30;37
2;ALICE;1912;31;25
2;ALICE;1912;32;20
2;ALICE;1912;33;22
2;ALICE;1912;34;37
2;ALICE;1912;35;33
2;ALICE;1912;36;19
2;ALICE;1912;37;26
2;ALICE;1912;38;50
2;ALICE;1912;39;16
2;ALICE;1912;40;30
2;ALICE;1912;41;26
2;ALICE;1912;42;33
2;ALICE;1912;43;19
2;ALICE;1912;44;32
2;ALICE;1912;45;33
2;ALICE;1912;46;19
2;ALICE;1912;47;23
2;ALICE;1912;48;12
2;ALICE;1912;49;33
2;ALICE;1912;50;78
2;ALICE;1912;51;22
2;ALICE;1912;52;18
2;ALICE;1912;53;24
2;ALICE;1912;54;45
2;ALICE;1912;55;22
2;ALICE;1912;56;32
2;ALICE;1912;57;44
2;ALICE;1912;58;44
2;ALICE;1912;59;109
2;ALICE;1912;60;18
2;ALICE;1912;61;59
2;ALICE;1912;62;100
2;ALICE;1912;63;55
2;ALICE;1912;64;29
2;ALICE;1912;65;13
2;ALICE;1912;66;22
2;ALICE;1912;67;118
2;ALICE;1912;68;88
2;ALICE;1912;69;58
2;ALICE;1912;70;24
2;ALICE;1912;71;69
2;ALICE;1912;72;80
2;ALICE;1912;73;28
2;ALICE;1912;74;46
2;ALICE;1912;75;279
2;ALICE;1912;76;107
2;ALICE;1912;77;31
2;ALICE;1912;78;54
2;ALICE;1912;79;42
2;ALICE;1912;80;27
2;ALICE;1912;81;41
2;ALICE;1912;82;26
2;ALICE;1912;83;7
2;ALICE;1912;84;9
2;ALICE;1912;85;50
2;ALICE;1912;86;39
2;ALICE;1912;87;19
2;ALICE;1912;88;46
2;ALICE;1912;89;22
2;ALICE;1912;90;14
2;ALICE;1912;971;3
2;ALICE;1912;972;6
2;ALICE;1912;974;13
2;ALICE;1913;01;34
2;ALICE;1913;02;19
2;ALICE;1913;03;70
2;ALICE;1913;04;3
2;ALICE;1913;05;7
2;ALICE;1913;06;18
2;ALICE;1913;07;24
2;ALICE;1913;08;20
2;ALICE;1913;09;13
2;ALICE;1913;10;18
2;ALICE;1913;11;24
2;ALICE;1913;12;41
2;ALICE;1913;13;28
2;ALICE;1913;14;46
2;ALICE;1913;15;16
2;ALICE;1913;16;25
2;ALICE;1913;17;19
2;ALICE;1913;18;37
2;ALICE;1913;19;9
2;ALICE;1913;21;36
2;ALICE;1913;22;59
2;ALICE;1913;23;58
2;ALICE;1913;24;59
2;ALICE;1913;25;39
2;ALICE;1913;26;21
2;ALICE;1913;27;39
2;ALICE;1913;28;25
2;ALICE;1913;29;38
2;ALICE;1913;30;42
2;ALICE;1913;31;27
2;ALICE;1913;32;20
2;ALICE;1913;33;22
2;ALICE;1913;34;40
2;ALICE;1913;35;36
2;ALICE;1913;36;26
2;ALICE;1913;37;23
2;ALICE;1913;38;47
2;ALICE;1913;39;26
2;ALICE;1913;40;34
2;ALICE;1913;41;17
2;ALICE;1913;42;29
2;ALICE;1913;43;21
2;ALICE;1913;44;33
2;ALICE;1913;45;30
2;ALICE;1913;46;12
2;ALICE;1913;47;18
2;ALICE;1913;48;6
2;ALICE;1913;49;29
2;ALICE;1913;50;79
2;ALICE;1913;51;27
2;ALICE;1913;52;15
2;ALICE;1913;53;29
2;ALICE;1913;54;50
2;ALICE;1913;55;25
2;ALICE;1913;56;34
2;ALICE;1913;57;49
2;ALICE;1913;58;50
2;ALICE;1913;59;108
2;ALICE;1913;60;19
2;ALICE;1913;61;51
2;ALICE;1913;62;92
2;ALICE;1913;63;61
2;ALICE;1913;64;24
2;ALICE;1913;65;10
2;ALICE;1913;66;15
2;ALICE;1913;67;108
2;ALICE;1913;68;101
2;ALICE;1913;69;47
2;ALICE;1913;70;18
2;ALICE;1913;71;94
2;ALICE;1913;72;92
2;ALICE;1913;73;30
2;ALICE;1913;74;51
2;ALICE;1913;75;268
2;ALICE;1913;76;103
2;ALICE;1913;77;27
2;ALICE;1913;78;55
2;ALICE;1913;79;53
2;ALICE;1913;80;19
2;ALICE;1913;81;44
2;ALICE;1913;82;16
2;ALICE;1913;83;7
2;ALICE;1913;84;3
2;ALICE;1913;85;67
2;ALICE;1913;86;46
2;ALICE;1913;87;24
2;ALICE;1913;88;46
2;ALICE;1913;89;22
2;ALICE;1913;90;20
2;ALICE;1913;971;8
2;ALICE;1913;972;9
2;ALICE;1913;974;15
2;ALICE;1914;01;28
2;ALICE;1914;02;17
2;ALICE;1914;03;58
2;ALICE;1914;05;6
2;ALICE;1914;06;8
2;ALICE;1914;07;25
2;ALICE;1914;08;11
2;ALICE;1914;09;18
2;ALICE;1914;10;23
2;ALICE;1914;11;23
2;ALICE;1914;12;42
2;ALICE;1914;13;18
2;ALICE;1914;14;31
2;ALICE;1914;15;16
2;ALICE;1914;16;22
2;ALICE;1914;17;28
2;ALICE;1914;18;36
2;ALICE;1914;19;19
2;ALICE;1914;21;32
2;ALICE;1914;22;64
2;ALICE;1914;23;41
2;ALICE;1914;24;59
2;ALICE;1914;25;38
2;ALICE;1914;26;30
2;ALICE;1914;27;28
2;ALICE;1914;28;8
2;ALICE;1914;29;37
2;ALICE;1914;30;39
2;ALICE;1914;31;27
2;ALICE;1914;32;19
2;ALICE;1914;33;25
2;ALICE;1914;34;44
2;ALICE;1914;35;20
2;ALICE;1914;36;20
2;ALICE;1914;37;23
2;ALICE;1914;38;41
2;ALICE;1914;39;27
2;ALICE;1914;40;39
2;ALICE;1914;41;27
2;ALICE;1914;42;26
2;ALICE;1914;43;21
2;ALICE;1914;44;30
2;ALICE;1914;45;33
2;ALICE;1914;46;12
2;ALICE;1914;47;10
2;ALICE;1914;48;9
2;ALICE;1914;49;23
2;ALICE;1914;50;59
2;ALICE;1914;51;21
2;ALICE;1914;52;18
2;ALICE;1914;53;32
2;ALICE;1914;54;57
2;ALICE;1914;55;15
2;ALICE;1914;56;37
2;ALICE;1914;57;33
2;ALICE;1914;58;45
2;ALICE;1914;59;97
2;ALICE;1914;60;16
2;ALICE;1914;61;40
2;ALICE;1914;62;116
2;ALICE;1914;63;52
2;ALICE;1914;64;25
2;ALICE;1914;65;19
2;ALICE;1914;66;23
2;ALICE;1914;67;109
2;ALICE;1914;68;90
2;ALICE;1914;69;41
2;ALICE;1914;70;16
2;ALICE;1914;71;87
2;ALICE;1914;72;70
2;ALICE;1914;73;34
2;ALICE;1914;74;57
2;ALICE;1914;75;254
2;ALICE;1914;76;106
2;ALICE;1914;77;16
2;ALICE;1914;78;53
2;ALICE;1914;79;38
2;ALICE;1914;80;19
2;ALICE;1914;81;39
2;ALICE;1914;82;22
2;ALICE;1914;83;4
2;ALICE;1914;84;5
2;ALICE;1914;85;53
2;ALICE;1914;86;37
2;ALICE;1914;87;23
2;ALICE;1914;88;32
2;ALICE;1914;89;22
2;ALICE;1914;90;7
2;ALICE;1914;972;6
2;ALICE;1914;973;3
2;ALICE;1914;974;14
2;ALICE;1915;01;10
2;ALICE;1915;02;11
2;ALICE;1915;03;33
2;ALICE;1915;05;7
2;ALICE;1915;06;5
2;ALICE;1915;07;23
2;ALICE;1915;08;3
2;ALICE;1915;09;8
2;ALICE;1915;10;10
2;ALICE;1915;11;9
2;ALICE;1915;12;16
2;ALICE;1915;13;11
2;ALICE;1915;14;20
2;ALICE;1915;15;15
2;ALICE;1915;16;10
2;ALICE;1915;17;9
2;ALICE;1915;18;19
2;ALICE;1915;19;11
2;ALICE;1915;20;4
2;ALICE;1915;21;8
2;ALICE;1915;22;47
2;ALICE;1915;23;26
2;ALICE;1915;24;35
2;ALICE;1915;25;17
2;ALICE;1915;26;12
2;ALICE;1915;27;16
2;ALICE;1915;28;10
2;ALICE;1915;29;16
2;ALICE;1915;30;17
2;ALICE;1915;31;12
2;ALICE;1915;32;11
2;ALICE;1915;33;10
2;ALICE;1915;34;23
2;ALICE;1915;35;12
2;ALICE;1915;36;14
2;ALICE;1915;37;16
2;ALICE;1915;38;33
2;ALICE;1915;39;14
2;ALICE;1915;40;23
2;ALICE;1915;41;8
2;ALICE;1915;42;27
2;ALICE;1915;43;14
2;ALICE;1915;44;29
2;ALICE;1915;45;10
2;ALICE;1915;46;6
2;ALICE;1915;47;6
2;ALICE;1915;49;18
2;ALICE;1915;50;32
2;ALICE;1915;51;8
2;ALICE;1915;52;8
2;ALICE;1915;53;17
2;ALICE;1915;54;22
2;ALICE;1915;55;3
2;ALICE;1915;56;26
2;ALICE;1915;57;24
2;ALICE;1915;58;21
2;ALICE;1915;59;55
2;ALICE;1915;60;14
2;ALICE;1915;61;14
2;ALICE;1915;62;46
2;ALICE;1915;63;38
2;ALICE;1915;64;10
2;ALICE;1915;65;9
2;ALICE;1915;66;9
2;ALICE;1915;67;72
2;ALICE;1915;68;51
2;ALICE;1915;69;26
2;ALICE;1915;70;11
2;ALICE;1915;71;49
2;ALICE;1915;72;51
2;ALICE;1915;73;18
2;ALICE;1915;74;27
2;ALICE;1915;75;157
2;ALICE;1915;76;76
2;ALICE;1915;77;11
2;ALICE;1915;78;44
2;ALICE;1915;79;23
2;ALICE;1915;80;11
2;ALICE;1915;81;29
2;ALICE;1915;82;16
2;ALICE;1915;83;3
2;ALICE;1915;85;39
2;ALICE;1915;86;20
2;ALICE;1915;87;23
2;ALICE;1915;88;19
2;ALICE;1915;89;8
2;ALICE;1915;90;5
2;ALICE;1915;971;3
2;ALICE;1915;972;10
2;ALICE;1915;974;16
2;ALICE;1916;01;23
2;ALICE;1916;02;9
2;ALICE;1916;03;29
2;ALICE;1916;05;4
2;ALICE;1916;07;9
2;ALICE;1916;09;3
2;ALICE;1916;10;10
2;ALICE;1916;11;9
2;ALICE;1916;12;22
2;ALICE;1916;13;10
2;ALICE;1916;14;18
2;ALICE;1916;15;10
2;ALICE;1916;16;10
2;ALICE;1916;17;15
2;ALICE;1916;18;11
2;ALICE;1916;19;7
2;ALICE;1916;21;10
2;ALICE;1916;22;29
2;ALICE;1916;23;27
2;ALICE;1916;24;14
2;ALICE;1916;25;22
2;ALICE;1916;26;11
2;ALICE;1916;27;6
2;ALICE;1916;28;11
2;ALICE;1916;29;30
2;ALICE;1916;30;14
2;ALICE;1916;31;11
2;ALICE;1916;32;6
2;ALICE;1916;33;9
2;ALICE;1916;34;16
2;ALICE;1916;35;16
2;ALICE;1916;36;5
2;ALICE;1916;37;11
2;ALICE;1916;38;28
2;ALICE;1916;39;8
2;ALICE;1916;40;16
2;ALICE;1916;41;10
2;ALICE;1916;42;20
2;ALICE;1916;43;5
2;ALICE;1916;44;19
2;ALICE;1916;45;11
2;ALICE;1916;46;6
2;ALICE;1916;47;4
2;ALICE;1916;48;8
2;ALICE;1916;49;12
2;ALICE;1916;50;27
2;ALICE;1916;51;11
2;ALICE;1916;52;11
2;ALICE;1916;53;13
2;ALICE;1916;54;9
2;ALICE;1916;55;12
2;ALICE;1916;56;18
2;ALICE;1916;57;21
2;ALICE;1916;58;20
2;ALICE;1916;59;38
2;ALICE;1916;60;9
2;ALICE;1916;61;19
2;ALICE;1916;62;42
2;ALICE;1916;63;25
2;ALICE;1916;64;13
2;ALICE;1916;65;8
2;ALICE;1916;66;9
2;ALICE;1916;67;53
2;ALICE;1916;68;39
2;ALICE;1916;69;27
2;ALICE;1916;70;6
2;ALICE;1916;71;32
2;ALICE;1916;72;42
2;ALICE;1916;73;14
2;ALICE;1916;74;15
2;ALICE;1916;75;138
2;ALICE;1916;76;56
2;ALICE;1916;77;7
2;ALICE;1916;78;28
2;ALICE;1916;79;36
2;ALICE;1916;80;5
2;ALICE;1916;81;12
2;ALICE;1916;82;5
2;ALICE;1916;83;6
2;ALICE;1916;84;4
2;ALICE;1916;85;24
2;ALICE;1916;86;19
2;ALICE;1916;87;9
2;ALICE;1916;88;21
2;ALICE;1916;90;5
2;ALICE;1916;971;3
2;ALICE;1916;972;9
2;ALICE;1916;973;3
2;ALICE;1916;974;13
2;ALICE;1917;01;9
2;ALICE;1917;02;6
2;ALICE;1917;03;30
2;ALICE;1917;04;4
2;ALICE;1917;05;5
2;ALICE;1917;06;9
2;ALICE;1917;07;7
2;ALICE;1917;08;5
2;ALICE;1917;09;5
2;ALICE;1917;10;5
2;ALICE;1917;11;15
2;ALICE;1917;12;22
2;ALICE;1917;13;9
2;ALICE;1917;14;22
2;ALICE;1917;15;10
2;ALICE;1917;16;9
2;ALICE;1917;17;16
2;ALICE;1917;18;11
2;ALICE;1917;19;9
2;ALICE;1917;21;10
2;ALICE;1917;22;32
2;ALICE;1917;23;15
2;ALICE;1917;24;26
2;ALICE;1917;25;21
2;ALICE;1917;26;4
2;ALICE;1917;27;13
2;ALICE;1917;28;15
2;ALICE;1917;29;38
2;ALICE;1917;30;26
2;ALICE;1917;31;9
2;ALICE;1917;32;11
2;ALICE;1917;33;11
2;ALICE;1917;34;23
2;ALICE;1917;35;15
2;ALICE;1917;36;8
2;ALICE;1917;37;7
2;ALICE;1917;38;20
2;ALICE;1917;39;8
2;ALICE;1917;40;19
2;ALICE;1917;41;3
2;ALICE;1917;42;19
2;ALICE;1917;43;11
2;ALICE;1917;44;15
2;ALICE;1917;45;15
2;ALICE;1917;46;8
2;ALICE;1917;47;6
2;ALICE;1917;49;12
2;ALICE;1917;50;36
2;ALICE;1917;51;15
2;ALICE;1917;52;7
2;ALICE;1917;53;18
2;ALICE;1917;54;16
2;ALICE;1917;55;8
2;ALICE;1917;56;18
2;ALICE;1917;57;12
2;ALICE;1917;58;25
2;ALICE;1917;59;34
2;ALICE;1917;60;9
2;ALICE;1917;61;17
2;ALICE;1917;62;53
2;ALICE;1917;63;25
2;ALICE;1917;64;18
2;ALICE;1917;65;5
2;ALICE;1917;66;6
2;ALICE;1917;67;57
2;ALICE;1917;68;34
2;ALICE;1917;69;32
2;ALICE;1917;70;7
2;ALICE;1917;71;38
2;ALICE;1917;72;44
2;ALICE;1917;73;15
2;ALICE;1917;74;21
2;ALICE;1917;75;148
2;ALICE;1917;76;68
2;ALICE;1917;77;19
2;ALICE;1917;78;21
2;ALICE;1917;79;30
2;ALICE;1917;80;10
2;ALICE;1917;81;13
2;ALICE;1917;82;12
2;ALICE;1917;83;8
2;ALICE;1917;84;7
2;ALICE;1917;85;25
2;ALICE;1917;86;18
2;ALICE;1917;87;15
2;ALICE;1917;88;14
2;ALICE;1917;89;14
2;ALICE;1917;90;5
2;ALICE;1917;971;5
2;ALICE;1917;972;4
2;ALICE;1917;973;4
2;ALICE;1917;974;17
2;ALICE;1918;01;17
2;ALICE;1918;02;4
2;ALICE;1918;03;23
2;ALICE;1918;04;5
2;ALICE;1918;06;4
2;ALICE;1918;07;16
2;ALICE;1918;09;9
2;ALICE;1918;10;11
2;ALICE;1918;11;15
2;ALICE;1918;12;32
2;ALICE;1918;13;13
2;ALICE;1918;14;32
2;ALICE;1918;15;11
2;ALICE;1918;16;11
2;ALICE;1918;17;10
2;ALICE;1918;18;11
2;ALICE;1918;19;13
2;ALICE;1918;21;15
2;ALICE;1918;22;45
2;ALICE;1918;23;18
2;ALICE;1918;24;25
2;ALICE;1918;25;28
2;ALICE;1918;26;13
2;ALICE;1918;27;11
2;ALICE;1918;28;16
2;ALICE;1918;29;31
2;ALICE;1918;30;25
2;ALICE;1918;31;18
2;ALICE;1918;32;16
2;ALICE;1918;33;17
2;ALICE;1918;34;14
2;ALICE;1918;35;20
2;ALICE;1918;36;9
2;ALICE;1918;37;10
2;ALICE;1918;38;25
2;ALICE;1918;39;12
2;ALICE;1918;40;16
2;ALICE;1918;41;12
2;ALICE;1918;42;26
2;ALICE;1918;43;18
2;ALICE;1918;44;18
2;ALICE;1918;45;14
2;ALICE;1918;46;7
2;ALICE;1918;47;6
2;ALICE;1918;48;7
2;ALICE;1918;49;14
2;ALICE;1918;50;42
2;ALICE;1918;51;5
2;ALICE;1918;52;12
2;ALICE;1918;53;23
2;ALICE;1918;54;12
2;ALICE;1918;55;6
2;ALICE;1918;56;19
2;ALICE;1918;57;29
2;ALICE;1918;58;31
2;ALICE;1918;59;20
2;ALICE;1918;60;10
2;ALICE;1918;61;23
2;ALICE;1918;62;56
2;ALICE;1918;63;34
2;ALICE;1918;64;17
2;ALICE;1918;65;9
2;ALICE;1918;66;16
2;ALICE;1918;67;61
2;ALICE;1918;68;36
2;ALICE;1918;69;31
2;ALICE;1918;70;16
2;ALICE;1918;71;43
2;ALICE;1918;72;50
2;ALICE;1918;73;21
2;ALICE;1918;74;24
2;ALICE;1918;75;110
2;ALICE;1918;76;74
2;ALICE;1918;77;14
2;ALICE;1918;78;27
2;ALICE;1918;79;35
2;ALICE;1918;80;9
2;ALICE;1918;81;16
2;ALICE;1918;82;5
2;ALICE;1918;83;3
2;ALICE;1918;84;6
2;ALICE;1918;85;36
2;ALICE;1918;86;15
2;ALICE;1918;87;16
2;ALICE;1918;88;27
2;ALICE;1918;89;8
2;ALICE;1918;90;5
2;ALICE;1918;971;5
2;ALICE;1918;972;7
2;ALICE;1918;973;3
2;ALICE;1918;974;8
2;ALICE;1919;01;17
2;ALICE;1919;02;12
2;ALICE;1919;03;33
2;ALICE;1919;05;7
2;ALICE;1919;06;6
2;ALICE;1919;07;19
2;ALICE;1919;08;4
2;ALICE;1919;09;7
2;ALICE;1919;10;9
2;ALICE;1919;11;11
2;ALICE;1919;12;31
2;ALICE;1919;13;21
2;ALICE;1919;14;31
2;ALICE;1919;15;8
2;ALICE;1919;16;13
2;ALICE;1919;17;15
2;ALICE;1919;18;13
2;ALICE;1919;19;15
2;ALICE;1919;20;3
2;ALICE;1919;21;20
2;ALICE;1919;22;58
2;ALICE;1919;23;22
2;ALICE;1919;24;28
2;ALICE;1919;25;28
2;ALICE;1919;26;10
2;ALICE;1919;27;25
2;ALICE;1919;28;15
2;ALICE;1919;29;33
2;ALICE;1919;30;27
2;ALICE;1919;31;14
2;ALICE;1919;32;13
2;ALICE;1919;33;19
2;ALICE;1919;34;24
2;ALICE;1919;35;20
2;ALICE;1919;36;11
2;ALICE;1919;37;7
2;ALICE;1919;38;31
2;ALICE;1919;39;14
2;ALICE;1919;40;15
2;ALICE;1919;41;17
2;ALICE;1919;42;25
2;ALICE;1919;43;20
2;ALICE;1919;44;23
2;ALICE;1919;45;12
2;ALICE;1919;46;4
2;ALICE;1919;47;10
2;ALICE;1919;48;3
2;ALICE;1919;49;18
2;ALICE;1919;50;45
2;ALICE;1919;51;10
2;ALICE;1919;52;4
2;ALICE;1919;53;21
2;ALICE;1919;54;15
2;ALICE;1919;55;3
2;ALICE;1919;56;24
2;ALICE;1919;57;36
2;ALICE;1919;58;24
2;ALICE;1919;59;59
2;ALICE;1919;60;19
2;ALICE;1919;61;23
2;ALICE;1919;62;50
2;ALICE;1919;63;23
2;ALICE;1919;64;19
2;ALICE;1919;65;19
2;ALICE;1919;66;11
2;ALICE;1919;67;106
2;ALICE;1919;68;68
2;ALICE;1919;69;32
2;ALICE;1919;70;13
2;ALICE;1919;71;38
2;ALICE;1919;72;47
2;ALICE;1919;73;22
2;ALICE;1919;74;28
2;ALICE;1919;75;151
2;ALICE;1919;76;68
2;ALICE;1919;77;21
2;ALICE;1919;78;30
2;ALICE;1919;79;22
2;ALICE;1919;80;7
2;ALICE;1919;81;24
2;ALICE;1919;82;14
2;ALICE;1919;83;7
2;ALICE;1919;85;32
2;ALICE;1919;86;14
2;ALICE;1919;87;15
2;ALICE;1919;88;24
2;ALICE;1919;89;8
2;ALICE;1919;90;3
2;ALICE;1919;971;5
2;ALICE;1919;972;5
2;ALICE;1919;974;13
2;ALICE;1920;01;26
2;ALICE;1920;02;9
2;ALICE;1920;03;52
2;ALICE;1920;04;5
2;ALICE;1920;05;3
2;ALICE;1920;06;4
2;ALICE;1920;07;35
2;ALICE;1920;08;15
2;ALICE;1920;09;22
2;ALICE;1920;10;13
2;ALICE;1920;11;15
2;ALICE;1920;12;56
2;ALICE;1920;13;28
2;ALICE;1920;14;39
2;ALICE;1920;15;16
2;ALICE;1920;16;20
2;ALICE;1920;17;21
2;ALICE;1920;18;34
2;ALICE;1920;19;21
2;ALICE;1920;21;32
2;ALICE;1920;22;65
2;ALICE;1920;23;45
2;ALICE;1920;24;70
2;ALICE;1920;25;28
2;ALICE;1920;26;23
2;ALICE;1920;27;36
2;ALICE;1920;28;16
2;ALICE;1920;29;65
2;ALICE;1920;30;46
2;ALICE;1920;31;27
2;ALICE;1920;32;26
2;ALICE;1920;33;28
2;ALICE;1920;34;51
2;ALICE;1920;35;28
2;ALICE;1920;36;14
2;ALICE;1920;37;24
2;ALICE;1920;38;47
2;ALICE;1920;39;23
2;ALICE;1920;40;25
2;ALICE;1920;41;19
2;ALICE;1920;42;33
2;ALICE;1920;43;26
2;ALICE;1920;44;45
2;ALICE;1920;45;20
2;ALICE;1920;46;15
2;ALICE;1920;47;13
2;ALICE;1920;48;10
2;ALICE;1920;49;30
2;ALICE;1920;50;62
2;ALICE;1920;51;20
2;ALICE;1920;52;16
2;ALICE;1920;53;44
2;ALICE;1920;54;40
2;ALICE;1920;55;15
2;ALICE;1920;56;40
2;ALICE;1920;57;61
2;ALICE;1920;58;43
2;ALICE;1920;59;124
2;ALICE;1920;60;13
2;ALICE;1920;61;37
2;ALICE;1920;62;80
2;ALICE;1920;63;56
2;ALICE;1920;64;26
2;ALICE;1920;65;19
2;ALICE;1920;66;23
2;ALICE;1920;67;158
2;ALICE;1920;68;123
2;ALICE;1920;69;58
2;ALICE;1920;70;22
2;ALICE;1920;71;79
2;ALICE;1920;72;78
2;ALICE;1920;73;43
2;ALICE;1920;74;44
2;ALICE;1920;75;216
2;ALICE;1920;76;105
2;ALICE;1920;77;15
2;ALICE;1920;78;52
2;ALICE;1920;79;43
2;ALICE;1920;80;22
2;ALICE;1920;81;45
2;ALICE;1920;82;19
2;ALICE;1920;83;12
2;ALICE;1920;84;6
2;ALICE;1920;85;71
2;ALICE;1920;86;35
2;ALICE;1920;87;40
2;ALICE;1920;88;37
2;ALICE;1920;89;17
2;ALICE;1920;90;10
2;ALICE;1920;971;10
2;ALICE;1920;972;5
2;ALICE;1920;974;7
2;ALICE;1921;01;19
2;ALICE;1921;02;19
2;ALICE;1921;03;51
2;ALICE;1921;04;3
2;ALICE;1921;05;12
2;ALICE;1921;06;4
2;ALICE;1921;07;34
2;ALICE;1921;08;17
2;ALICE;1921;09;22
2;ALICE;1921;10;16
2;ALICE;1921;11;26
2;ALICE;1921;12;53
2;ALICE;1921;13;30
2;ALICE;1921;14;30
2;ALICE;1921;15;28
2;ALICE;1921;16;28
2;ALICE;1921;17;26
2;ALICE;1921;18;26
2;ALICE;1921;19;24
2;ALICE;1921;21;18
2;ALICE;1921;22;83
2;ALICE;1921;23;35
2;ALICE;1921;24;44
2;ALICE;1921;25;41
2;ALICE;1921;26;25
2;ALICE;1921;27;20
2;ALICE;1921;28;23
2;ALICE;1921;29;58
2;ALICE;1921;30;49
2;ALICE;1921;31;29
2;ALICE;1921;32;31
2;ALICE;1921;33;26
2;ALICE;1921;34;34
2;ALICE;1921;35;34
2;ALICE;1921;36;17
2;ALICE;1921;37;20
2;ALICE;1921;38;54
2;ALICE;1921;39;26
2;ALICE;1921;40;25
2;ALICE;1921;41;19
2;ALICE;1921;42;44
2;ALICE;1921;43;32
2;ALICE;1921;44;53
2;ALICE;1921;45;20
2;ALICE;1921;46;15
2;ALICE;1921;47;23
2;ALICE;1921;48;10
2;ALICE;1921;49;31
2;ALICE;1921;50;62
2;ALICE;1921;51;23
2;ALICE;1921;52;23
2;ALICE;1921;53;22
2;ALICE;1921;54;47
2;ALICE;1921;55;11
2;ALICE;1921;56;44
2;ALICE;1921;57;65
2;ALICE;1921;58;37
2;ALICE;1921;59;114
2;ALICE;1921;60;18
2;ALICE;1921;61;29
2;ALICE;1921;62;79
2;ALICE;1921;63;62
2;ALICE;1921;64;26
2;ALICE;1921;65;13
2;ALICE;1921;66;15
2;ALICE;1921;67;181
2;ALICE;1921;68;124
2;ALICE;1921;69;54
2;ALICE;1921;70;12
2;ALICE;1921;71;77
2;ALICE;1921;72;53
2;ALICE;1921;73;41
2;ALICE;1921;74;27
2;ALICE;1921;75;200
2;ALICE;1921;76;81
2;ALICE;1921;77;24
2;ALICE;1921;78;45
2;ALICE;1921;79;35
2;ALICE;1921;80;20
2;ALICE;1921;81;41
2;ALICE;1921;82;25
2;ALICE;1921;83;9
2;ALICE;1921;84;11
2;ALICE;1921;85;64
2;ALICE;1921;86;26
2;ALICE;1921;87;31
2;ALICE;1921;88;26
2;ALICE;1921;89;16
2;ALICE;1921;90;13
2;ALICE;1921;971;5
2;ALICE;1921;972;9
2;ALICE;1921;973;4
2;ALICE;1921;974;12
2;ALICE;1922;01;36
2;ALICE;1922;02;17
2;ALICE;1922;03;59
2;ALICE;1922;04;3
2;ALICE;1922;05;5
2;ALICE;1922;06;10
2;ALICE;1922;07;32
2;ALICE;1922;08;10
2;ALICE;1922;09;15
2;ALICE;1922;10;11
2;ALICE;1922;11;20
2;ALICE;1922;12;50
2;ALICE;1922;13;21
2;ALICE;1922;14;36
2;ALICE;1922;15;24
2;ALICE;1922;16;17
2;ALICE;1922;17;11
2;ALICE;1922;18;21
2;ALICE;1922;19;34
2;ALICE;1922;21;21
2;ALICE;1922;22;85
2;ALICE;1922;23;43
2;ALICE;1922;24;43
2;ALICE;1922;25;19
2;ALICE;1922;26;18
2;ALICE;1922;27;23
2;ALICE;1922;28;18
2;ALICE;1922;29;79
2;ALICE;1922;30;47
2;ALICE;1922;31;22
2;ALICE;1922;32;27
2;ALICE;1922;33;26
2;ALICE;1922;34;36
2;ALICE;1922;35;29
2;ALICE;1922;36;16
2;ALICE;1922;37;13
2;ALICE;1922;38;36
2;ALICE;1922;39;19
2;ALICE;1922;40;44
2;ALICE;1922;41;13
2;ALICE;1922;42;50
2;ALICE;1922;43;31
2;ALICE;1922;44;46
2;ALICE;1922;45;15
2;ALICE;1922;46;11
2;ALICE;1922;47;16
2;ALICE;1922;48;12
2;ALICE;1922;49;28
2;ALICE;1922;50;57
2;ALICE;1922;51;19
2;ALICE;1922;52;11
2;ALICE;1922;53;30
2;ALICE;1922;54;33
2;ALICE;1922;55;16
2;ALICE;1922;56;42
2;ALICE;1922;57;67
2;ALICE;1922;58;33
2;ALICE;1922;59;106
2;ALICE;1922;60;20
2;ALICE;1922;61;29
2;ALICE;1922;62;79
2;ALICE;1922;63;59
2;ALICE;1922;64;29
2;ALICE;1922;65;13
2;ALICE;1922;66;22
2;ALICE;1922;67;164
2;ALICE;1922;68;120
2;ALICE;1922;69;52
2;ALICE;1922;70;15
2;ALICE;1922;71;60
2;ALICE;1922;72;57
2;ALICE;1922;73;41
2;ALICE;1922;74;38
2;ALICE;1922;75;149
2;ALICE;1922;76;85
2;ALICE;1922;77;22
2;ALICE;1922;78;33
2;ALICE;1922;79;37
2;ALICE;1922;80;9
2;ALICE;1922;81;38
2;ALICE;1922;82;20
2;ALICE;1922;83;7
2;ALICE;1922;84;6
2;ALICE;1922;85;41
2;ALICE;1922;86;28
2;ALICE;1922;87;26
2;ALICE;1922;88;24
2;ALICE;1922;89;11
2;ALICE;1922;90;8
2;ALICE;1922;972;4
2;ALICE;1922;974;7
2;ALICE;1923;01;33
2;ALICE;1923;02;22
2;ALICE;1923;03;48
2;ALICE;1923;04;4
2;ALICE;1923;05;9
1;ALICE;1923;06;16
1;ALICE;1923;07;26
1;ALICE;1923;08;10
1;ALICE;1923;09;34
2;ALICE;1923;10;9
2;ALICE;1923;11;30
2;ALICE;1923;12;46
2;ALICE;1923;13;24
2;ALICE;1923;14;18
2;ALICE;1923;15;22
2;ALICE;1923;16;20
2;ALICE;1923;17;22
2;ALICE;1923;18;14
2;ALICE;1923;19;16
2;ALICE;1923;21;22
2;ALICE;1923;22;98
2;ALICE;1923;23;27
2;ALICE;1923;24;41
2;ALICE;1923;25;23
2;ALICE;1923;26;11
2;ALICE;1923;27;15
2;ALICE;1923;28;8
2;ALICE;1923;29;67
2;ALICE;1923;30;41
2;ALICE;1923;31;24
2;ALICE;1923;32;29
2;ALICE;1923;33;27
2;ALICE;1923;34;35
2;ALICE;1923;35;30
2;ALICE;1923;36;17
2;ALICE;1923;37;14
2;ALICE;1923;38;45
2;ALICE;1923;39;8
2;ALICE;1923;40;35
2;ALICE;1923;41;9
2;ALICE;1923;42;42
2;ALICE;1923;43;23
2;ALICE;1923;44;41
2;ALICE;1923;45;3
2;ALICE;1923;46;15
2;ALICE;1923;47;9
2;ALICE;1923;48;14
2;ALICE;1923;49;27
2;ALICE;1923;50;57
2;ALICE;1923;51;23
2;ALICE;1923;52;12
2;ALICE;1923;53;28
2;ALICE;1923;54;30
2;ALICE;1923;55;17
2;ALICE;1923;56;61
2;ALICE;1923;57;59
2;ALICE;1923;58;30
2;ALICE;1923;59;77
2;ALICE;1923;60;18
2;ALICE;1923;61;34
2;ALICE;1923;62;62
2;ALICE;1923;63;45
2;ALICE;1923;64;30
2;ALICE;1923;65;16
2;ALICE;1923;66;18
2;ALICE;1923;67;189
2;ALICE;1923;68;153
2;ALICE;1923;69;46
2;ALICE;1923;70;13
2;ALICE;1923;71;65
2;ALICE;1923;72;42
2;ALICE;1923;73;26
2;ALICE;1923;74;40
2;ALICE;1923;75;150
2;ALICE;1923;76;66
2;ALICE;1923;77;11
2;ALICE;1923;78;23
2;ALICE;1923;79;25
2;ALICE;1923;80;18
2;ALICE;1923;81;37
2;ALICE;1923;82;20
2;ALICE;1923;83;9
2;ALICE;1923;84;9
2;ALICE;1923;85;41
2;ALICE;1923;86;19
2;ALICE;1923;87;35
2;ALICE;1923;88;28
2;ALICE;1923;89;13
2;ALICE;1923;90;6
2;ALICE;1923;971;6
2;ALICE;1923;972;5
2;ALICE;1923;974;18
2;ALICE;1924;01;22
2;ALICE;1924;02;23
2;ALICE;1924;03;52
2;ALICE;1924;05;5
2;ALICE;1924;06;17
2;ALICE;1924;07;37
2;ALICE;1924;08;11
2;ALICE;1924;09;11
2;ALICE;1924;10;8
2;ALICE;1924;11;20
2;ALICE;1924;12;49
2;ALICE;1924;13;24
2;ALICE;1924;14;37
2;ALICE;1924;15;12
2;ALICE;1924;16;19
2;ALICE;1924;17;11
2;ALICE;1924;18;13
2;ALICE;1924;19;19
2;ALICE;1924;21;21
2;ALICE;1924;22;80
2;ALICE;1924;23;29
2;ALICE;1924;24;35
2;ALICE;1924;25;26
2;ALICE;1924;26;11
2;ALICE;1924;27;16
2;ALICE;1924;28;13
2;ALICE;1924;29;76
2;ALICE;1924;30;31
2;ALICE;1924;31;18
2;ALICE;1924;32;22
2;ALICE;1924;33;13
2;ALICE;1924;34;31
2;ALICE;1924;35;43
2;ALICE;1924;36;25
2;ALICE;1924;37;17
2;ALICE;1924;38;45
2;ALICE;1924;39;17
2;ALICE;1924;40;30
2;ALICE;1924;41;8
2;ALICE;1924;42;40
2;ALICE;1924;43;27
2;ALICE;1924;44;42
2;ALICE;1924;45;8
2;ALICE;1924;46;6
2;ALICE;1924;47;9
2;ALICE;1924;48;13
2;ALICE;1924;49;31
2;ALICE;1924;50;48
2;ALICE;1924;51;20
2;ALICE;1924;52;12
2;ALICE;1924;53;29
2;ALICE;1924;54;37
2;ALICE;1924;55;12
2;ALICE;1924;56;54
2;ALICE;1924;57;67
2;ALICE;1924;58;23
2;ALICE;1924;59;88
2;ALICE;1924;60;17
2;ALICE;1924;61;21
2;ALICE;1924;62;63
2;ALICE;1924;63;23
2;ALICE;1924;64;21
2;ALICE;1924;65;14
2;ALICE;1924;66;15
2;ALICE;1924;67;161
2;ALICE;1924;68;125
2;ALICE;1924;69;47
2;ALICE;1924;70;12
2;ALICE;1924;71;45
2;ALICE;1924;72;56
2;ALICE;1924;73;32
2;ALICE;1924;74;22
2;ALICE;1924;75;146
2;ALICE;1924;76;70
2;ALICE;1924;77;8
2;ALICE;1924;78;39
2;ALICE;1924;79;29
2;ALICE;1924;80;18
2;ALICE;1924;81;31
2;ALICE;1924;82;20
2;ALICE;1924;83;11
2;ALICE;1924;84;8
2;ALICE;1924;85;50
2;ALICE;1924;86;24
2;ALICE;1924;87;35
2;ALICE;1924;88;21
2;ALICE;1924;89;12
2;ALICE;1924;971;5
2;ALICE;1924;972;4
2;ALICE;1924;974;10
2;ALICE;1925;01;26
2;ALICE;1925;02;19
2;ALICE;1925;03;51
2;ALICE;1925;04;10
2;ALICE;1925;05;6
2;ALICE;1925;06;9
2;ALICE;1925;07;31
2;ALICE;1925;08;8
2;ALICE;1925;09;14
2;ALICE;1925;10;10
2;ALICE;1925;11;19
2;ALICE;1925;12;47
2;ALICE;1925;13;32
2;ALICE;1925;14;18
2;ALICE;1925;15;13
2;ALICE;1925;16;19
2;ALICE;1925;17;11
2;ALICE;1925;18;3
2;ALICE;1925;19;21
2;ALICE;1925;20;3
2;ALICE;1925;21;19
2;ALICE;1925;22;82
2;ALICE;1925;23;24
2;ALICE;1925;24;45
2;ALICE;1925;25;20
2;ALICE;1925;26;15
2;ALICE;1925;27;15
2;ALICE;1925;28;12
2;ALICE;1925;29;78
2;ALICE;1925;30;29
2;ALICE;1925;31;31
2;ALICE;1925;32;28
2;ALICE;1925;33;21
2;ALICE;1925;34;27
2;ALICE;1925;35;34
2;ALICE;1925;36;24
2;ALICE;1925;37;10
2;ALICE;1925;38;26
2;ALICE;1925;39;6
2;ALICE;1925;40;24
2;ALICE;1925;41;15
2;ALICE;1925;42;38
2;ALICE;1925;43;27
2;ALICE;1925;44;29
2;ALICE;1925;45;10
2;ALICE;1925;46;10
2;ALICE;1925;47;10
2;ALICE;1925;48;7
2;ALICE;1925;49;25
2;ALICE;1925;50;67
2;ALICE;1925;51;20
2;ALICE;1925;52;16
2;ALICE;1925;53;30
2;ALICE;1925;54;17
2;ALICE;1925;55;16
2;ALICE;1925;56;50
2;ALICE;1925;57;85
2;ALICE;1925;58;32
2;ALICE;1925;59;75
2;ALICE;1925;60;13
2;ALICE;1925;61;22